2017-01-01 00:16:24,24.92
2017-01-01 01:16:38,23.959999
2017-01-01 02:16:48,22.639999
2017-01-01 03:17:19,23.040001
2017-01-01 04:17:30,22.280001
2017-01-01 05:17:40,23.120001
2017-01-01 06:17:52,20.76
2017-01-01 07:18:07,19.0
2017-01-01 08:18:13,37.759998
2017-01-01 09:18:23,52.119999
2017-01-01 10:18:36,54.52
2017-01-01 11:18:41,55.240002
2017-01-01 12:18:45,54.360001
2017-01-01 13:18:51,54.52
2017-01-01 14:19:19,55.240002
2017-01-01 15:19:37,57.48
2017-01-01 16:19:46,55.200001
2017-01-01 17:19:48,56.279999
2017-01-01 18:20:17,65.599998
2017-01-01 19:20:44,58.360001
2017-01-01 20:21:09,58.32
2017-01-01 21:21:09,48.639999
2017-01-01 22:21:22,33.200001
2017-01-01 23:21:33,29.440001
2017-01-02 00:22:00,25.200001
2017-01-02 01:22:26,23.08
2017-01-02 02:22:37,23.879999
2017-01-02 03:22:52,22.16
2017-01-02 04:23:19,23.0
2017-01-02 05:23:29,22.76
2017-01-02 06:23:59,21.639999
2017-01-02 07:24:00,18.52
2017-01-02 08:24:11,39.720001
2017-01-02 09:24:34,50.040001
2017-01-02 10:25:00,55.48
2017-01-02 11:25:26,54.400002
2017-01-02 12:25:47,51.880001
2017-01-02 13:25:57,53.439999
2017-01-02 14:26:04,54.84
2017-01-02 15:26:28,53.279999
2017-01-02 16:26:29,56.32
2017-01-02 17:26:49,55.0
2017-01-02 18:27:03,60.200001
2017-01-02 19:27:08,61.080002
2017-01-02 20:27:28,51.599998
2017-01-02 21:27:31,30.52
2017-01-02 22:27:43,26.24
2017-01-02 23:27:52,26.280001
2017-01-03 00:28:12,25.719999
2017-01-03 01:28:14,23.0
2017-01-03 02:28:17,22.639999
2017-01-03 03:28:26,22.360001
2017-01-03 04:28:29,22.08
2017-01-03 05:28:39,23.040001
2017-01-03 06:28:40,28.48
2017-01-03 07:29:03,26.08
2017-01-03 08:29:18,51.720001
2017-01-03 09:29:28,63.439999
2017-01-03 10:29:31,63.84
2017-01-03 11:29:41,61.240002
2017-01-03 12:29:55,58.720001
2017-01-03 13:30:19,61.080002
2017-01-03 14:30:20,67.720001
2017-01-03 15:30:23,63.48
2017-01-03 16:30:29,64.400002
2017-01-03 17:30:40,60.799999
2017-01-03 18:30:42,65.720001
2017-01-03 19:30:57,65.440002
2017-01-03 20:31:09,60.560001
2017-01-03 21:31:19,37.52
2017-01-03 22:31:34,29.879999
2017-01-03 23:31:43,30.52
2017-01-04 00:31:54,28.559999
2017-01-04 01:32:04,26.440001
2017-01-04 02:32:43,26.52
2017-01-04 03:32:43,27.120001
2017-01-04 04:32:55,25.120001
2017-01-04 05:32:56,24.84
2017-01-04 06:33:08,27.4
2017-01-04 07:33:14,23.16
2017-01-04 08:33:23,59.759998
2017-01-04 09:33:36,62.360001
2017-01-04 10:34:03,68.68
2017-01-04 11:34:12,64.91999799999999
2017-01-04 12:34:24,57.639999
2017-01-04 13:34:33,58.32
2017-01-04 14:34:44,62.560001
2017-01-04 15:35:37,60.52
2017-01-04 16:37:06,65.879997
2017-01-04 17:38:18,64.839996
2017-01-04 18:38:45,65.040001
2017-01-04 19:38:48,61.959999
2017-01-04 20:38:56,58.16
2017-01-04 21:38:59,28.16
2017-01-04 22:39:01,29.360001
2017-01-04 23:39:01,28.92
2017-01-05 00:39:08,26.52
2017-01-05 01:39:11,27.4
2017-01-05 02:41:02,27.16
2017-01-05 03:41:08,27.200001
2017-01-05 04:41:32,27.280001
2017-01-05 05:41:55,25.120001
2017-01-05 06:42:00,29.48
2017-01-05 07:42:10,29.0
2017-01-05 08:42:13,58.759998
2017-01-05 09:42:24,63.400002
2017-01-05 10:42:38,65.879997
2017-01-05 11:42:45,62.720001
2017-01-05 12:42:49,58.240002
2017-01-05 13:45:44,62.040001
2017-01-05 14:45:54,63.439999
2017-01-05 15:45:56,60.040001
2017-01-05 16:46:04,58.200001
2017-01-05 17:46:18,62.119999
2017-01-05 18:46:41,60.799999
2017-01-05 19:46:47,59.68
2017-01-05 20:46:53,52.880001
2017-01-05 21:47:04,26.360001
2017-01-05 22:47:08,28.959999
2017-01-05 23:47:18,30.16
2017-01-06 00:47:31,27.639999
2017-01-06 01:47:34,26.959999
2017-01-06 02:47:41,24.32
2017-01-06 03:47:59,24.719999
2017-01-06 04:48:09,24.200001
2017-01-06 05:48:16,22.68
2017-01-06 06:48:23,26.08
2017-01-06 07:48:26,26.84
2017-01-06 08:48:37,60.959999
2017-01-06 09:48:56,58.84
2017-01-06 10:49:11,57.439999
2017-01-06 11:49:23,57.16
2017-01-06 12:49:36,57.52
2017-01-06 13:49:41,59.52
2017-01-06 14:49:43,63.32
2017-01-06 15:50:01,61.240002
2017-01-06 16:50:06,62.119999
2017-01-06 17:50:27,64.279999
2017-01-06 18:50:38,64.639999
2017-01-06 19:50:38,56.959999
2017-01-06 20:50:43,50.84
2017-01-06 21:50:57,28.76
2017-01-06 22:50:58,27.719999
2017-01-06 23:51:03,28.16
2017-01-07 00:51:13,27.16
2017-01-07 01:51:25,25.76
2017-01-07 02:51:39,26.719999
2017-01-07 03:51:58,26.6
2017-01-07 04:52:01,25.360001
2017-01-07 05:52:15,25.280001
2017-01-07 06:52:17,24.16
2017-01-07 07:52:22,24.68
2017-01-07 08:53:06,53.279999
2017-01-07 09:53:24,54.880001
2017-01-07 10:53:27,54.040001
2017-01-07 11:53:36,54.0
2017-01-07 12:53:43,53.0
2017-01-07 13:53:52,56.439999
2017-01-07 14:54:06,57.200001
2017-01-07 15:54:14,59.68
2017-01-07 16:54:19,58.0
2017-01-07 17:54:27,59.639999
2017-01-07 18:54:46,59.799999
2017-01-07 19:54:51,57.959999
2017-01-07 20:54:58,47.360001
2017-01-07 21:55:08,30.799999
2017-01-07 22:55:17,29.559999
2017-01-08 00:01:37,28.16
2017-01-08 01:02:16,26.200001
2017-01-08 02:03:16,25.879999
2017-01-08 03:03:22,26.84
2017-01-08 04:03:46,26.32
2017-01-08 05:03:54,23.16
2017-01-08 06:04:09,22.48
2017-01-08 07:04:21,23.84
2017-01-08 08:04:23,22.360001
2017-01-08 09:04:37,51.16
2017-01-08 10:04:40,52.84
2017-01-08 11:04:49,53.799999
2017-01-08 12:05:01,53.240002
2017-01-08 13:05:12,52.919998
2017-01-08 14:05:24,52.200001
2017-01-08 15:05:26,54.560001
2017-01-08 16:05:50,54.52
2017-01-08 17:06:11,52.639999
2017-01-08 18:07:05,62.119999
2017-01-08 19:07:26,64.519997
2017-01-08 20:07:30,60.48
2017-01-08 21:07:35,50.68
2017-01-08 22:07:40,35.24000200000001
2017-01-08 23:07:41,29.120001
2017-01-09 00:07:44,27.559999
2017-01-09 01:07:50,23.08
2017-01-09 02:07:52,25.16
2017-01-09 03:08:15,22.280001
2017-01-09 04:08:24,23.48
2017-01-09 05:08:28,21.48
2017-01-09 06:08:38,25.24
2017-01-09 07:09:03,24.08
2017-01-09 08:09:16,41.959999
2017-01-09 09:09:26,58.52
2017-01-09 10:09:36,58.48
2017-01-09 11:09:47,56.880001
2017-01-09 12:09:48,55.880001
2017-01-09 13:10:02,55.799999
2017-01-09 14:10:17,59.919998
2017-01-09 15:10:30,65.400002
2017-01-09 16:10:31,63.32
2017-01-09 17:10:46,60.799999
2017-01-09 18:11:10,62.040001
2017-01-09 19:11:18,59.959999
2017-01-09 20:11:24,58.279999
2017-01-09 21:11:47,42.84
2017-01-09 22:11:55,27.559999
2017-01-09 23:11:56,25.639999
2017-01-10 00:12:03,26.92
2017-01-10 01:12:18,22.32
2017-01-10 02:12:31,24.24
2017-01-10 03:12:54,22.040001
2017-01-10 04:13:01,21.16
2017-01-10 05:13:03,23.719999
2017-01-10 06:13:17,23.76
2017-01-10 07:13:43,23.08
2017-01-10 08:13:44,45.279999
2017-01-10 09:13:58,58.560001
2017-01-10 10:14:03,59.959999
2017-01-10 11:14:05,58.080002
2017-01-10 12:14:14,55.959999
2017-01-10 13:14:14,56.599998
2017-01-10 14:14:38,57.560001
2017-01-10 15:15:04,58.799999
2017-01-10 16:15:06,61.119999
2017-01-10 17:15:09,57.240002
2017-01-10 18:15:19,61.599998
2017-01-10 19:15:26,61.639999
2017-01-10 20:15:18,61.48
2017-01-10 21:15:24,42.919998
2017-01-10 22:15:31,30.719999
2017-01-10 23:15:43,31.040001
2017-01-11 00:16:02,29.440001
2017-01-11 01:16:05,26.959999
2017-01-11 02:16:07,26.32
2017-01-11 03:16:13,25.68
2017-01-11 04:16:21,25.32
2017-01-11 05:16:25,24.4
2017-01-11 06:16:26,26.200001
2017-01-11 07:16:32,22.360001
2017-01-11 08:16:35,45.880001
2017-01-11 09:16:35,60.560001
2017-01-11 10:16:42,60.68
2017-01-11 11:16:55,57.200001
2017-01-11 12:17:02,59.080002
2017-01-11 13:17:11,55.68
2017-01-11 14:17:17,57.68
2017-01-11 15:17:20,60.52
2017-01-11 16:17:33,63.16
2017-01-11 17:17:59,55.560001
2017-01-11 18:18:03,59.759998
2017-01-11 19:18:12,62.560001
2017-01-11 20:18:21,57.599998
2017-01-11 21:18:53,31.6
2017-01-11 22:19:01,31.799999
2017-01-11 23:19:08,30.76
2017-01-12 00:19:13,27.120001
2017-01-12 01:19:15,24.959999
2017-01-12 02:19:15,21.68
2017-01-12 03:19:25,23.68
2017-01-12 04:19:27,21.200001
2017-01-12 05:19:32,22.08
2017-01-12 06:19:45,25.32
2017-01-12 07:20:10,20.48
2017-01-12 08:20:19,40.919998
2017-01-12 09:20:31,62.16
2017-01-12 10:20:32,53.880001
2017-01-12 11:20:32,53.84
2017-01-12 12:20:45,54.16
2017-01-12 13:20:49,56.400002
2017-01-12 14:21:00,62.560001
2017-01-12 15:21:07,55.0
2017-01-12 16:21:13,52.279999
2017-01-12 17:21:17,60.759998
2017-01-12 18:21:23,53.48
2017-01-12 19:21:58,61.240002
2017-01-12 20:22:14,60.48
2017-01-12 21:22:14,36.48
2017-01-12 22:22:16,41.919998
2017-01-12 23:22:27,27.879999
2017-01-13 00:22:30,26.84
2017-01-13 01:22:39,25.52
2017-01-13 02:22:44,25.32
2017-01-13 03:22:52,24.84
2017-01-13 04:23:05,26.120001
2017-01-13 05:23:15,24.6
2017-01-13 06:23:23,35.439999
2017-01-13 07:23:26,26.040001
2017-01-13 08:23:30,42.080002
2017-01-13 09:23:31,54.32
2017-01-13 10:23:33,52.599998
2017-01-13 11:23:41,56.040001
2017-01-13 12:23:52,53.360001
2017-01-13 13:24:05,59.119999
2017-01-13 14:24:11,58.639999
2017-01-13 15:24:18,56.759998
2017-01-13 16:24:25,55.400002
2017-01-13 17:24:25,52.48
2017-01-13 18:24:25,55.919998
2017-01-13 19:24:31,61.240002
2017-01-13 20:24:40,55.48
2017-01-13 21:24:50,44.16
2017-01-13 22:24:51,26.32
2017-01-13 23:25:04,28.08
2017-01-14 00:25:07,25.040001
2017-01-14 01:25:13,23.799999
2017-01-14 02:25:34,23.68
2017-01-14 03:25:40,23.68
2017-01-14 04:25:59,22.719999
2017-01-14 05:26:02,21.879999
2017-01-14 06:26:07,22.4
2017-01-14 07:26:18,22.719999
2017-01-14 08:26:39,50.84
2017-01-14 09:26:49,52.919998
2017-01-14 10:26:59,59.360001
2017-01-14 11:27:09,49.959999
2017-01-14 12:27:33,52.720001
2017-01-14 13:27:40,57.400002
2017-01-14 14:27:42,55.32
2017-01-14 15:27:43,54.919998
2017-01-14 16:27:48,54.32
2017-01-14 17:27:55,53.919998
2017-01-14 18:27:59,54.439999
2017-01-14 19:28:10,57.880001
2017-01-14 20:28:15,58.48
2017-01-14 21:28:16,37.799999
2017-01-14 22:28:17,32.0
2017-01-14 23:28:21,32.119999
2017-01-15 00:28:24,27.440001
2017-01-15 01:28:34,24.24
2017-01-15 02:28:35,23.52
2017-01-15 03:28:36,23.040001
2017-01-15 04:28:40,23.639999
2017-01-15 05:28:41,22.0
2017-01-15 06:29:10,20.32
2017-01-15 07:29:18,17.959999
2017-01-15 08:29:21,46.080002
2017-01-15 09:29:26,52.68
2017-01-15 10:29:29,55.68
2017-01-15 11:29:44,50.720001
2017-01-15 12:30:10,50.279999
2017-01-15 13:30:13,58.720001
2017-01-15 14:30:39,54.759998
2017-01-15 15:30:45,59.639999
2017-01-15 16:30:47,67.040001
2017-01-15 17:31:07,52.880001
2017-01-15 18:31:09,56.16
2017-01-15 19:31:37,62.439999
2017-01-15 20:31:44,61.52
2017-01-15 21:32:12,55.080002
2017-01-15 22:32:22,38.200001
2017-01-15 23:32:32,29.0
2017-01-16 00:32:46,26.040001
2017-01-16 01:33:00,25.719999
2017-01-16 02:32:56,25.799999
2017-01-16 03:33:07,26.280001
2017-01-16 04:33:08,25.799999
2017-01-16 05:33:15,24.559999
2017-01-16 06:33:35,29.040001
2017-01-16 07:33:42,26.719999
2017-01-16 08:33:46,53.959999
2017-01-16 09:33:49,60.040001
2017-01-16 10:34:00,71.279999
2017-01-16 11:34:04,56.84
2017-01-16 12:34:14,58.68
2017-01-16 13:34:19,60.400002
2017-01-16 14:34:24,69.480003
2017-01-16 15:34:36,69.440002
2017-01-16 16:34:42,70.91999799999998
2017-01-16 17:34:49,61.16
2017-01-16 18:34:52,64.32
2017-01-16 19:35:05,63.959999
2017-01-16 20:35:23,52.400002
2017-01-16 21:35:37,41.799999
2017-01-16 22:35:45,31.16
2017-01-16 23:35:53,28.799999
2017-01-17 00:36:19,25.6
2017-01-17 01:36:31,25.559999
2017-01-17 02:36:36,25.879999
2017-01-17 03:36:48,26.0
2017-01-17 04:36:58,25.16
2017-01-17 05:37:04,23.280001
2017-01-17 06:37:10,28.559999
2017-01-17 07:37:21,22.24
2017-01-17 08:37:29,60.360001
2017-01-17 09:37:34,68.800003
2017-01-17 10:37:42,65.720001
2017-01-17 11:37:53,62.84
2017-01-17 12:37:59,64.08000200000001
2017-01-17 13:38:05,70.360001
2017-01-17 14:38:16,65.0
2017-01-17 15:38:20,85.800003
2017-01-17 16:38:24,60.52
2017-01-17 17:38:31,65.599998
2017-01-17 18:38:42,60.080002
2017-01-17 19:39:00,64.639999
2017-01-17 20:39:07,48.759998
2017-01-17 21:39:14,30.4
2017-01-17 22:39:17,30.440001
2017-01-17 23:39:28,24.52
2017-01-18 00:39:32,25.639999
2017-01-18 01:39:55,24.360001
2017-01-18 02:40:07,24.08
2017-01-18 03:40:10,24.040001
2017-01-18 04:40:11,24.48
2017-01-18 05:40:16,22.879999
2017-01-18 06:40:22,30.959999
2017-01-18 07:40:33,27.08
2017-01-18 08:40:41,55.880001
2017-01-18 09:40:43,72.68
2017-01-18 10:40:49,59.959999
2017-01-18 11:40:58,57.599998
2017-01-18 12:41:17,62.880001
2017-01-18 13:41:23,66.160004
2017-01-18 14:41:29,60.439999
2017-01-18 15:41:38,66.839996
2017-01-18 16:41:43,55.360001
2017-01-18 17:41:55,63.400002
2017-01-18 18:41:52,67.400002
2017-01-18 19:42:16,76.480003
2017-01-18 20:42:45,51.720001
2017-01-18 21:43:19,35.119999
2017-01-18 22:43:32,27.799999
2017-01-18 23:43:38,26.639999
2017-01-19 00:43:41,23.639999
2017-01-19 01:43:52,23.84
2017-01-19 02:43:53,24.32
2017-01-19 03:44:22,23.639999
2017-01-19 04:44:28,23.799999
2017-01-19 05:44:49,22.440001
2017-01-19 06:44:56,25.24
2017-01-19 07:45:04,18.040001
2017-01-19 08:45:07,52.32
2017-01-19 09:45:59,51.639999
2017-01-19 10:46:31,54.880001
2017-01-19 11:46:54,53.040001
2017-01-19 12:47:34,58.68
2017-01-19 13:47:36,57.240002
2017-01-19 14:50:29,55.759998
2017-01-19 15:50:39,55.959999
2017-01-19 16:50:49,59.240002
2017-01-19 17:50:58,57.360001
2017-01-19 18:51:04,55.240002
2017-01-19 19:52:14,55.799999
2017-01-19 20:52:54,57.040001
2017-01-19 21:53:22,27.92
2017-01-19 22:53:28,25.0
2017-01-19 23:53:30,22.959999
2017-01-20 00:54:02,25.48
2017-01-20 01:54:08,23.68
2017-01-20 02:54:15,24.08
2017-01-20 03:54:31,24.280001
2017-01-20 04:54:42,22.879999
2017-01-20 05:54:43,17.959999
2017-01-20 06:54:50,25.799999
2017-01-20 07:55:01,19.08
2017-01-20 08:55:05,56.799999
2017-01-20 09:55:15,53.68
2017-01-20 10:55:17,59.080002
2017-01-20 11:55:20,54.68
2017-01-20 12:55:33,52.0
2017-01-20 13:55:40,55.360001
2017-01-20 14:55:47,57.799999
2017-01-20 15:55:51,58.16
2017-01-20 16:56:10,57.52
2017-01-20 17:56:11,62.560001
2017-01-20 18:56:16,60.240002
2017-01-20 19:56:31,63.759998
2017-01-20 20:56:33,52.279999
2017-01-20 21:56:38,22.76
2017-01-20 22:56:42,21.879999
2017-01-20 23:56:51,25.0
2017-01-21 00:56:55,21.360001
2017-01-21 01:57:02,21.24
2017-01-21 02:57:03,21.200001
2017-01-21 03:57:10,21.200001
2017-01-21 04:57:12,21.16
2017-01-21 05:57:23,17.040001
2017-01-21 06:57:46,20.08
2017-01-21 07:58:02,16.0
2017-01-21 08:58:05,48.720001
2017-01-21 09:58:16,60.880001
2017-01-21 10:58:27,50.080002
2017-01-21 11:58:30,49.32
2017-01-21 12:58:37,51.400002
2017-01-21 13:58:37,54.080002
2017-01-21 14:58:44,53.279999
2017-01-21 15:58:55,57.919998
2017-01-21 16:59:06,57.759998
2017-01-21 17:59:06,54.439999
2017-01-21 18:59:22,60.32
2017-01-21 19:59:28,70.279999
2017-01-21 20:59:33,72.480003
2017-01-21 21:59:38,43.799999
2017-01-21 22:59:46,33.360001000000004
2017-01-21 23:59:58,25.92
2017-01-22 01:00:11,21.24
2017-01-22 02:00:21,20.6
2017-01-22 03:00:30,19.84
2017-01-22 04:00:39,22.08
2017-01-22 05:00:49,21.120001
2017-01-22 06:01:04,20.040001
2017-01-22 07:00:50,23.08
2017-01-22 08:00:55,20.32
2017-01-22 09:01:09,81.879997
2017-01-22 10:01:23,52.040001
2017-01-22 11:01:26,53.0
2017-01-22 12:01:32,50.560001
2017-01-22 13:01:46,56.68
2017-01-22 14:02:04,62.119999
2017-01-22 15:02:18,58.240002
2017-01-22 16:02:26,59.560001
2017-01-22 17:02:26,59.360001
2017-01-22 18:02:27,70.120003
2017-01-22 19:02:39,71.91999799999998
2017-01-22 20:02:42,77.639999
2017-01-22 21:02:49,66.199997
2017-01-22 22:03:12,45.799999
2017-01-22 23:03:38,30.120001
2017-01-23 00:03:52,29.799999
2017-01-23 01:04:13,27.76
2017-01-23 02:04:42,26.76
2017-01-23 03:04:52,26.52
2017-01-23 04:04:53,26.6
2017-01-23 05:05:01,25.4
2017-01-23 06:05:05,22.719999
2017-01-23 07:05:21,29.360001
2017-01-23 08:05:35,24.32
2017-01-23 09:05:50,56.240002
2017-01-23 10:05:53,53.919998
2017-01-23 11:06:03,54.200001
2017-01-23 12:06:16,66.68
2017-01-23 13:06:26,58.0
2017-01-23 14:06:41,56.48
2017-01-23 15:06:49,54.32
2017-01-23 16:07:02,53.16
2017-01-23 17:07:13,58.799999
2017-01-23 18:07:17,57.16
2017-01-23 19:07:43,63.040001
2017-01-23 20:07:58,66.279999
2017-01-23 21:08:11,52.32
2017-01-23 22:08:12,38.599998
2017-01-23 23:08:24,30.440001
2017-01-24 00:08:27,29.120001
2017-01-24 01:08:39,26.799999
2017-01-24 02:08:49,25.120001
2017-01-24 03:08:56,26.16
2017-01-24 04:09:03,25.68
2017-01-24 05:09:18,25.4
2017-01-24 06:09:40,23.360001
2017-01-24 07:09:49,27.200001
2017-01-24 08:09:55,40.599998
2017-01-24 09:10:01,64.91999799999999
2017-01-24 10:10:05,64.199997
2017-01-24 11:10:05,58.68
2017-01-24 12:10:18,55.16
2017-01-24 13:10:27,55.880001
2017-01-24 14:10:36,55.52
2017-01-24 15:10:39,57.639999
2017-01-24 16:10:51,58.200001
2017-01-24 17:10:52,53.48
2017-01-24 18:11:00,58.560001
2017-01-24 19:11:02,60.880001
2017-01-24 20:11:30,65.440002
2017-01-24 21:11:36,49.439999
2017-01-24 22:11:40,53.400002
2017-01-24 23:11:44,31.200001
2017-01-25 00:11:47,26.76
2017-01-25 01:11:48,28.16
2017-01-25 02:12:00,27.799999
2017-01-25 03:12:03,26.200001
2017-01-25 04:12:12,25.559999
2017-01-25 05:12:26,25.84
2017-01-25 06:12:38,24.120001
2017-01-25 07:12:40,24.24
2017-01-25 08:12:54,51.240002
2017-01-25 09:12:57,52.880001
2017-01-25 10:13:13,65.720001
2017-01-25 11:13:17,53.279999
2017-01-25 12:13:26,62.560001
2017-01-25 13:13:46,53.119999
2017-01-25 14:14:14,55.16
2017-01-25 15:14:19,56.0
2017-01-25 16:14:24,55.360001
2017-01-25 17:14:51,55.080002
2017-01-25 18:14:59,63.400002
2017-01-25 19:15:11,57.959999
2017-01-25 20:15:20,71.160004
2017-01-25 21:15:34,60.639999
2017-01-25 22:15:45,41.200001
2017-01-25 23:15:54,31.200001
2017-01-26 00:16:21,26.559999
2017-01-26 01:16:32,24.200001
2017-01-26 02:16:42,23.4
2017-01-26 03:17:06,29.84
2017-01-26 04:17:16,23.639999
2017-01-26 05:17:29,23.0
2017-01-26 06:17:50,21.0
2017-01-26 07:18:14,18.280001
2017-01-26 08:18:27,42.080002
2017-01-26 09:18:36,49.040001
2017-01-26 10:18:40,58.0
2017-01-26 11:18:51,62.560001
2017-01-26 12:19:01,58.599998
2017-01-26 13:19:13,57.560001
2017-01-26 14:19:27,60.799999
2017-01-26 15:19:30,58.439999
2017-01-26 16:19:34,57.880001
2017-01-26 17:19:35,58.560001
2017-01-26 18:19:42,64.120003
2017-01-26 19:19:47,61.360001
2017-01-26 20:19:47,65.559998
2017-01-26 21:19:56,42.040001
2017-01-26 22:20:02,28.08
2017-01-26 23:20:09,26.76
2017-01-27 00:20:34,27.799999
2017-01-27 01:20:35,25.799999
2017-01-27 02:20:38,22.959999
2017-01-27 03:20:44,22.120001
2017-01-27 04:21:11,25.48
2017-01-27 05:21:28,24.76
2017-01-27 06:21:31,23.040001
2017-01-27 07:21:37,19.52
2017-01-27 08:21:44,43.279999
2017-01-27 09:21:44,52.32
2017-01-27 10:21:59,55.919998
2017-01-27 11:22:02,52.0
2017-01-27 12:22:04,49.759998
2017-01-27 13:22:19,55.52
2017-01-27 14:22:30,52.400002
2017-01-27 15:22:44,31.84
2017-01-27 16:22:56,38.639999
2017-01-27 17:23:08,40.84
2017-01-27 18:23:13,39.959999
2017-01-27 19:23:25,39.639999
2017-01-27 20:23:34,47.959999
2017-01-27 21:23:35,28.639999
2017-01-27 22:23:45,22.92
2017-01-27 23:23:56,21.719999
2017-01-28 00:24:02,21.16
2017-01-28 01:24:12,20.32
2017-01-28 02:24:17,19.6
2017-01-28 03:24:24,19.639999
2017-01-28 04:24:25,20.0
2017-01-28 05:24:34,18.76
2017-01-28 06:24:49,18.76
2017-01-28 07:25:05,18.200001
2017-01-28 08:25:27,20.32
2017-01-28 09:25:40,36.959999
2017-01-28 10:25:59,51.439999
2017-01-28 11:26:00,50.560001
2017-01-28 12:26:03,44.759998
2017-01-28 13:26:17,43.119999
2017-01-28 14:26:38,39.119999
2017-01-28 15:26:40,28.280001
2017-01-28 16:27:10,30.120001
2017-01-28 17:08:25,27.440001
2017-01-28 18:08:27,29.360001
2017-01-28 19:08:03,31.040001
2017-01-28 20:08:20,31.52
2017-01-28 21:08:23,32.119999
2017-01-28 22:08:30,25.84
2017-01-28 23:08:40,30.959999
2017-01-29 00:08:50,23.799999
2017-01-29 01:08:55,23.92
2017-01-29 02:09:12,24.4
2017-01-29 03:09:42,23.360001
2017-01-29 04:10:03,22.280001
2017-01-29 05:10:06,25.0
2017-01-29 06:10:06,23.16
2017-01-29 07:10:20,21.719999
2017-01-29 08:10:38,17.6
2017-01-29 09:10:53,35.200001
2017-01-29 10:11:04,47.68
2017-01-29 11:11:28,42.16
2017-01-29 12:11:40,44.68
2017-01-29 13:11:51,53.919998
2017-01-29 14:12:02,41.84
2017-01-29 15:12:30,36.240002
2017-01-29 16:12:33,42.720001
2017-01-29 17:12:38,37.68
2017-01-29 18:12:40,28.68
2017-01-29 19:12:43,38.279999
2017-01-29 20:12:54,35.32
2017-01-29 21:12:58,26.040001
2017-01-29 22:13:08,24.200001
2017-01-29 23:13:19,20.719999
2017-01-30 00:13:39,21.4
2017-01-30 01:13:49,19.0
2017-01-30 02:13:55,19.440001
2017-01-30 03:14:02,18.639999
2017-01-30 04:14:06,18.360001
2017-01-30 05:14:08,18.16
2017-01-30 06:14:15,18.32
2017-01-30 07:14:16,17.32
2017-01-30 08:14:18,17.08
2017-01-30 09:14:43,41.119999
2017-01-30 10:14:51,43.360001
2017-01-30 11:14:53,47.560001
2017-01-30 12:15:02,52.720001
2017-01-30 13:15:11,53.200001
2017-01-30 14:15:15,60.080002
2017-01-30 15:15:22,44.240002
2017-01-30 16:15:31,37.439999
2017-01-30 17:15:34,34.48
2017-01-30 18:15:37,33.040001000000004
2017-01-30 19:15:47,41.040001
2017-01-30 20:15:47,25.32
2017-01-30 21:16:14,24.440001
2017-01-30 22:16:29,23.48
2017-01-30 23:16:36,20.76
2017-01-31 00:16:44,20.76
2017-01-31 01:16:51,19.48
2017-01-31 02:16:57,18.879999
2017-01-31 03:17:02,18.440001
2017-01-31 04:17:08,18.48
2017-01-31 05:17:41,17.0
2017-01-31 06:17:51,18.200001
2017-01-31 07:17:57,17.719998999999994
2017-01-31 08:18:03,18.0
2017-01-31 09:18:17,36.720001
2017-01-31 10:18:24,44.16
2017-01-31 11:18:37,42.759998
2017-01-31 12:18:40,47.040001
2017-01-31 13:18:48,50.48
2017-01-31 14:18:50,50.400002
2017-01-31 15:19:05,51.560001
2017-01-31 16:19:12,49.32
2017-01-31 17:19:26,34.0
2017-01-31 18:19:30,41.84
2017-01-31 19:19:44,39.040001
2017-01-31 20:19:57,47.400002
2017-01-31 21:20:03,41.400002
2017-01-31 22:20:03,32.639999
2017-01-31 23:20:18,25.84
2017-02-01 00:20:19,29.76
2017-02-01 01:20:29,29.84
2017-02-01 02:20:54,20.6
2017-02-01 03:21:05,19.76
2017-02-01 04:21:15,18.879999
2017-02-01 05:21:15,17.24
2017-02-01 06:21:29,15.48
2017-02-01 07:21:31,16.48
2017-02-01 08:21:41,34.799999
2017-02-01 09:21:44,43.240002
2017-02-01 10:21:44,45.880001
2017-02-01 11:21:49,47.400002
2017-02-01 12:22:07,41.48
2017-02-01 13:22:08,47.880001
2017-02-01 14:22:10,50.360001
2017-02-01 15:22:13,52.439999
2017-02-01 16:22:15,49.0
2017-02-01 17:22:25,41.599998
2017-02-01 18:22:30,49.040001
2017-02-01 19:22:32,49.360001
2017-02-01 20:22:43,47.759998
2017-02-01 21:23:08,42.080002
2017-02-01 22:23:08,21.48
2017-02-01 23:23:17,21.76
2017-02-02 00:23:32,21.559999
2017-02-02 01:23:41,19.559999
2017-02-02 02:23:52,19.48
2017-02-02 03:24:22,18.52
2017-02-02 04:24:45,18.16
2017-02-02 05:24:54,17.76
2017-02-02 06:25:06,16.120001000000002
2017-02-02 07:25:18,18.559999
2017-02-02 08:25:27,33.880001
2017-02-02 09:25:38,45.560001
2017-02-02 10:25:41,46.439999
2017-02-02 11:25:45,46.759998
2017-02-02 12:25:47,43.360001
2017-02-02 13:26:02,45.759998
2017-02-02 14:26:13,46.759998
2017-02-02 15:26:22,47.32
2017-02-02 16:26:44,46.880001
2017-02-02 17:26:57,45.0
2017-02-02 18:27:05,49.119999
2017-02-02 19:27:06,48.279999
2017-02-02 20:28:19,47.720001
2017-02-02 21:28:32,31.0
2017-02-02 22:29:01,23.68
2017-02-02 23:29:04,21.639999
2017-02-03 00:29:17,20.040001
2017-02-03 01:29:24,19.559999
2017-02-03 02:29:31,19.120001
2017-02-03 03:29:33,19.040001
2017-02-03 04:29:35,19.0
2017-02-03 05:29:57,17.84
2017-02-03 06:29:58,17.08
2017-02-03 07:30:01,15.4
2017-02-03 08:30:06,54.200001
2017-02-03 09:30:07,59.919998
2017-02-03 10:30:17,55.919998
2017-02-03 11:30:44,54.080002
2017-02-03 12:31:56,51.560001
2017-02-03 13:32:00,54.240002
2017-02-03 14:32:29,59.959999
2017-02-03 15:32:35,57.400002
2017-02-03 16:32:36,56.599998
2017-02-03 17:32:40,54.32
2017-02-03 18:32:52,53.68
2017-02-03 19:33:00,53.560001
2017-02-03 20:33:13,41.279999
2017-02-03 21:33:42,26.440001
2017-02-03 22:33:44,25.08
2017-02-03 23:33:47,24.84
2017-02-04 00:33:49,22.68
2017-02-04 01:33:50,21.84
2017-02-04 02:33:58,21.4
2017-02-04 03:33:59,21.120001
2017-02-04 04:34:15,20.76
2017-02-04 05:34:18,19.360001
2017-02-04 06:34:21,19.68
2017-02-04 07:34:49,19.6
2017-02-04 08:35:10,47.32
2017-02-04 09:35:21,57.32
2017-02-04 10:35:32,67.639999
2017-02-04 11:35:40,63.16
2017-02-04 12:35:45,56.439999
2017-02-04 13:35:55,56.880001
2017-02-04 14:36:10,57.16
2017-02-04 15:36:17,55.040001
2017-02-04 16:36:27,52.200001
2017-02-04 17:36:35,51.52
2017-02-04 18:36:39,56.040001
2017-02-04 19:36:50,55.16
2017-02-04 20:37:03,39.48
2017-02-04 21:37:14,31.6
2017-02-04 22:37:25,23.959999
2017-02-04 23:37:35,23.360001
2017-02-05 00:38:03,20.92
2017-02-05 01:38:14,20.92
2017-02-05 02:38:22,20.559999
2017-02-05 03:38:37,20.959999
2017-02-05 04:38:46,21.200001
2017-02-05 05:39:00,19.76
2017-02-05 06:39:00,19.24
2017-02-05 07:39:09,21.639999
2017-02-05 08:39:25,49.880001
2017-02-05 09:39:35,60.32
2017-02-05 10:39:38,56.599998
2017-02-05 11:39:46,56.040001
2017-02-05 12:39:49,50.080002
2017-02-05 13:40:19,56.240002
2017-02-05 14:40:20,57.52
2017-02-05 15:40:21,54.040001
2017-02-05 16:40:30,53.880001
2017-02-05 17:40:34,54.48
2017-02-05 18:40:39,59.16
2017-02-05 19:40:40,58.919998
2017-02-05 20:40:51,45.240002
2017-02-05 21:41:16,27.92
2017-02-05 22:41:23,24.0
2017-02-05 23:41:29,23.32
2017-02-06 00:41:32,22.68
2017-02-06 01:41:40,19.799999
2017-02-06 02:41:48,19.559999
2017-02-06 03:42:01,20.360001
2017-02-06 04:42:13,19.440001
2017-02-06 05:42:17,18.32
2017-02-06 06:42:23,26.120001
2017-02-06 07:42:35,21.719999
2017-02-06 08:42:55,60.52
2017-02-06 09:43:05,62.560001
2017-02-06 10:43:12,72.08000200000002
2017-02-06 11:43:33,63.119999
2017-02-06 12:43:37,54.759998
2017-02-06 13:43:46,57.84
2017-02-06 14:43:46,63.799999
2017-02-06 15:43:51,62.880001
2017-02-06 16:43:57,59.84
2017-02-06 17:44:00,54.200001
2017-02-06 18:45:19,57.880001
2017-02-06 19:45:46,56.279999
2017-02-06 20:46:09,41.32
2017-02-06 21:46:23,24.76
2017-02-06 22:46:24,24.719999
2017-02-06 23:46:30,23.4
2017-02-07 00:46:36,22.0
2017-02-07 01:46:59,21.200001
2017-02-07 02:47:12,20.879999
2017-02-07 03:47:22,21.360001
2017-02-07 04:47:34,21.0
2017-02-07 05:47:41,19.440001
2017-02-07 06:47:46,26.16
2017-02-07 07:47:52,20.440001
2017-02-07 08:48:06,67.440002
2017-02-07 09:48:13,61.759998
2017-02-07 10:48:27,64.120003
2017-02-07 11:48:48,61.360001
2017-02-07 12:48:55,54.48
2017-02-07 13:49:15,56.599998
2017-02-07 14:49:24,60.119999
2017-02-07 15:49:25,62.200001
2017-02-07 16:49:34,63.119999
2017-02-07 17:49:39,57.799999
2017-02-07 18:49:53,60.959999
2017-02-07 19:50:07,62.68
2017-02-07 20:50:16,49.799999
2017-02-07 21:50:22,29.76
2017-02-07 22:50:24,26.0
2017-02-07 23:50:54,23.440001
2017-02-08 00:51:02,21.639999
2017-02-08 01:51:05,21.84
2017-02-08 02:51:17,21.799999
2017-02-08 03:51:19,21.16
2017-02-08 04:51:31,21.879999
2017-02-08 05:51:33,20.84
2017-02-08 06:51:46,25.4
2017-02-08 07:51:59,21.559999
2017-02-08 08:52:23,56.720001
2017-02-08 09:52:32,55.119999
2017-02-08 10:52:45,64.32
2017-02-08 11:52:51,56.68
2017-02-08 12:53:01,54.759998
2017-02-08 13:53:09,55.32
2017-02-08 14:53:34,56.52
2017-02-08 15:53:59,58.32
2017-02-08 16:54:26,54.560001
2017-02-08 17:54:26,58.639999
2017-02-08 18:54:32,57.720001
2017-02-08 19:54:48,55.84
2017-02-08 20:55:01,44.119999
2017-02-08 21:55:14,31.040001
2017-02-08 22:55:25,26.879999
2017-02-08 23:55:33,26.4
2017-02-09 00:55:45,26.32
2017-02-09 01:56:11,27.4
2017-02-09 02:56:38,23.879999
2017-02-09 03:56:41,27.92
2017-02-09 04:56:44,27.6
2017-02-09 05:56:51,26.76
2017-02-09 06:57:10,39.84
2017-02-09 07:57:15,29.68
2017-02-09 08:57:28,86.599998
2017-02-09 09:57:55,71.0
2017-02-09 10:58:10,61.880001
2017-02-09 11:58:21,56.720001
2017-02-09 12:58:32,57.16
2017-02-09 13:58:38,58.0
2017-02-09 14:58:45,65.199997
2017-02-09 15:59:11,66.400002
2017-02-09 16:59:14,62.080002
2017-02-09 17:59:26,58.52
2017-02-09 18:59:32,62.16
2017-02-09 19:59:33,54.16
2017-02-09 20:59:42,50.48
2017-02-09 21:59:52,31.32
2017-02-09 22:59:53,27.84
2017-02-09 23:59:59,26.959999
2017-02-10 01:00:13,25.24
2017-02-10 02:00:15,25.6
2017-02-10 03:00:27,25.040001
2017-02-10 04:00:35,23.559999
2017-02-10 05:00:44,24.799999
2017-02-10 06:00:52,21.799999
2017-02-10 07:00:55,34.720001
2017-02-10 08:00:58,22.799999
2017-02-10 09:01:06,53.599998
2017-02-10 10:01:15,60.48
2017-02-10 11:01:31,58.119999
2017-02-10 12:01:43,63.48
2017-02-10 13:01:56,61.040001
2017-02-10 14:01:57,62.599998
2017-02-10 15:01:58,67.559998
2017-02-10 16:02:03,57.919998
2017-02-10 17:02:07,53.959999
2017-02-10 18:02:18,58.799999
2017-02-10 19:02:44,60.919998
2017-02-10 20:02:55,60.84
2017-02-10 21:02:56,44.439999
2017-02-10 22:03:00,28.040001
2017-02-10 23:03:10,32.400002
2017-02-11 00:03:16,27.040001
2017-02-11 01:03:23,22.76
2017-02-11 02:03:33,25.360001
2017-02-11 03:03:52,25.280001
2017-02-11 04:04:03,24.68
2017-02-11 05:04:16,26.24
2017-02-11 06:04:23,23.879999
2017-02-11 07:04:30,22.76
2017-02-11 08:04:34,30.879999
2017-02-11 09:04:38,62.759998
2017-02-11 10:04:46,69.599998
2017-02-11 11:04:48,55.919998
2017-02-11 12:04:52,62.439999
2017-02-11 13:04:59,60.119999
2017-02-11 14:05:02,64.599998
2017-02-11 15:05:41,60.279999
2017-02-11 16:05:42,68.519997
2017-02-11 17:05:46,56.080002
2017-02-11 18:05:56,58.080002
2017-02-11 19:06:07,62.599998
2017-02-11 20:06:10,61.48
2017-02-11 21:06:11,38.48
2017-02-11 22:06:20,44.360001
2017-02-11 23:06:22,27.48
2017-02-12 00:06:35,27.280001
2017-02-12 01:06:41,25.48
2017-02-12 02:06:49,25.959999
2017-02-12 03:07:04,25.120001
2017-02-12 04:07:22,24.440001
2017-02-12 05:07:30,24.32
2017-02-12 06:07:43,23.200001
2017-02-12 07:07:58,23.879999
2017-02-12 08:08:01,38.759998
2017-02-12 09:08:07,73.440002
2017-02-12 10:08:21,55.68
2017-02-12 11:09:15,66.120003
2017-02-12 12:09:28,72.040001
2017-02-12 13:09:33,73.199997
2017-02-12 14:09:35,83.199997
2017-02-12 15:09:38,66.720001
2017-02-12 16:09:47,63.720001
2017-02-12 17:09:52,60.200001
2017-02-12 18:09:54,68.879997
2017-02-12 19:09:57,57.919998
2017-02-12 20:10:07,76.639999
2017-02-12 21:10:19,42.119999
2017-02-12 22:10:31,26.76
2017-02-12 23:10:38,25.959999
2017-02-13 00:10:44,26.08
2017-02-13 01:10:56,25.559999
2017-02-13 02:11:01,26.280001
2017-02-13 03:11:02,26.040001
2017-02-13 04:11:02,22.76
2017-02-13 05:11:23,23.6
2017-02-13 06:11:24,22.92
2017-02-13 07:11:30,30.280001
2017-02-13 08:11:42,38.599998
2017-02-13 09:11:57,55.639999
2017-02-13 10:12:01,54.439999
2017-02-13 11:12:11,56.52
2017-02-13 12:12:14,58.48
2017-02-13 13:12:18,64.160004
2017-02-13 14:12:21,65.040001
2017-02-13 15:12:29,58.720001
2017-02-13 16:12:39,55.439999
2017-02-13 17:12:55,56.919998
2017-02-13 18:13:06,62.439999
2017-02-13 19:13:19,51.639999
2017-02-13 20:13:48,66.199997
2017-02-13 21:14:08,49.68
2017-02-13 22:14:32,35.16
2017-02-13 23:14:43,27.280001
2017-02-14 00:14:47,28.040001
2017-02-14 01:14:54,24.879999
2017-02-14 02:15:02,25.24
2017-02-14 03:15:10,25.52
2017-02-14 04:15:15,26.6
2017-02-14 05:15:26,24.360001
2017-02-14 06:15:41,23.16
2017-02-14 07:15:46,33.639999
2017-02-14 08:15:58,53.799999
2017-02-14 09:16:04,55.48
2017-02-14 10:16:18,53.919998
2017-02-14 11:16:25,58.959999
2017-02-14 12:16:29,54.599998
2017-02-14 13:16:43,53.68
2017-02-14 14:16:46,58.560001
2017-02-14 15:16:57,60.240002
2017-02-14 16:17:05,69.639999
2017-02-14 17:17:06,56.16
2017-02-14 18:17:15,59.0
2017-02-14 19:17:30,59.0
2017-02-14 20:17:34,59.200001
2017-02-14 21:17:35,47.400002
2017-02-14 22:17:35,28.0
2017-02-14 23:17:42,28.639999
2017-02-15 00:17:49,29.120001
2017-02-15 01:18:02,25.0
2017-02-15 02:18:07,23.879999
2017-02-15 03:18:15,22.639999
2017-02-15 04:18:19,22.4
2017-02-15 05:18:34,21.719999
2017-02-15 06:18:46,31.799999
2017-02-15 07:18:59,27.040001
2017-02-15 08:19:12,42.400002
2017-02-15 09:19:25,56.52
2017-02-15 10:19:37,54.599998
2017-02-15 11:19:55,51.959999
2017-02-15 12:20:16,58.279999
2017-02-15 13:20:28,56.560001
2017-02-15 14:20:34,61.720001
2017-02-15 15:20:41,60.68
2017-02-15 16:20:54,62.200001
2017-02-15 17:20:59,57.200001
2017-02-15 18:21:10,54.919998
2017-02-15 19:21:22,59.799999
2017-02-15 20:21:32,62.279999
2017-02-15 21:21:44,54.639999
2017-02-15 22:21:51,25.639999
2017-02-15 23:21:59,24.959999
2017-02-16 00:22:01,23.799999
2017-02-16 01:22:49,22.92
2017-02-16 02:23:14,22.68
2017-02-16 03:23:22,22.639999
2017-02-16 04:23:41,22.639999
2017-02-16 05:23:51,22.52
2017-02-16 06:24:01,27.4
2017-02-16 07:24:01,29.4
2017-02-16 08:24:15,46.84
2017-02-16 09:24:31,55.48
2017-02-16 10:24:32,53.599998
2017-02-16 11:24:42,53.279999
2017-02-16 12:24:47,55.080002
2017-02-16 13:24:56,55.799999
2017-02-16 14:26:44,59.040001
2017-02-16 15:27:17,62.119999
2017-02-16 16:27:26,57.84
2017-02-16 17:27:44,57.080002
2017-02-16 18:27:51,57.720001
2017-02-16 19:27:59,63.400002
2017-02-16 20:28:02,57.799999
2017-02-16 21:28:15,40.080002
2017-02-16 22:28:21,31.639999
2017-02-16 23:28:30,22.0
2017-02-17 00:28:40,20.120001
2017-02-17 01:28:41,20.879999
2017-02-17 02:29:07,20.24
2017-02-17 03:29:14,20.48
2017-02-17 04:29:40,22.639999
2017-02-17 05:29:52,20.08
2017-02-17 06:30:15,26.08
2017-02-17 07:30:25,24.440001
2017-02-17 08:30:33,48.919998
2017-02-17 09:30:45,55.400002
2017-02-17 10:30:53,55.48
2017-02-17 11:31:07,54.68
2017-02-17 12:31:19,58.240002
2017-02-17 13:31:30,59.119999
2017-02-17 14:31:31,63.16
2017-02-17 15:31:58,60.759998
2017-02-17 16:32:09,57.040001
2017-02-17 17:32:14,55.200001
2017-02-17 18:32:17,57.759998
2017-02-17 19:32:30,61.959999
2017-02-17 20:32:37,59.799999
2017-02-17 21:32:42,35.68
2017-02-17 22:32:54,24.24
2017-02-17 23:33:04,25.16
2017-02-18 00:33:05,24.32
2017-02-18 01:33:13,24.48
2017-02-18 02:33:27,22.76
2017-02-18 03:33:30,23.120001
2017-02-18 04:33:30,23.08
2017-02-18 05:33:34,19.32
2017-02-18 06:33:41,20.92
2017-02-18 07:33:55,22.360001
2017-02-18 08:34:23,51.959999
2017-02-18 09:34:26,48.959999
2017-02-18 10:34:46,51.240002
2017-02-18 11:34:54,50.040001
2017-02-18 12:35:08,50.400002
2017-02-18 13:35:26,53.040001
2017-02-18 14:35:34,52.639999
2017-02-18 15:35:42,51.720001
2017-02-18 16:36:19,52.919998
2017-02-18 17:37:56,55.84
2017-02-18 18:38:00,59.360001
2017-02-18 19:38:00,60.720001
2017-02-18 20:38:01,48.279999
2017-02-18 21:38:23,26.040001
2017-02-18 22:38:31,26.879999
2017-02-18 23:40:05,25.040001
2017-02-19 00:41:04,23.52
2017-02-19 01:42:00,23.360001
2017-02-19 02:42:40,22.440001
2017-02-19 03:42:49,22.84
2017-02-19 04:42:54,22.68
2017-02-19 05:43:19,20.6
2017-02-19 06:43:21,21.16
2017-02-19 07:43:23,22.799999
2017-02-19 08:43:39,49.68
2017-02-19 09:43:50,54.84
2017-02-19 10:43:59,55.84
2017-02-19 11:44:12,53.240002
2017-02-19 12:44:23,49.68
2017-02-19 13:44:28,51.360001
2017-02-19 14:44:29,53.52
2017-02-19 15:44:44,51.48
2017-02-19 16:45:21,52.84
2017-02-19 17:49:53,53.279999
2017-02-19 18:50:51,55.48
2017-02-19 19:53:14,60.639999
2017-02-19 20:53:55,48.68
2017-02-19 21:55:50,28.440001
2017-02-19 22:59:14,23.280001
2017-02-19 23:59:27,24.280001
2017-02-20 00:59:31,23.799999
2017-02-20 01:59:31,23.639999
2017-02-20 02:59:37,23.4
2017-02-20 03:59:45,23.559999
2017-02-20 05:00:12,22.24
2017-02-20 06:00:13,20.76
2017-02-20 07:00:37,28.120001
2017-02-20 08:00:38,31.639999
2017-02-20 09:00:40,60.759998
2017-02-20 10:00:50,60.439999
2017-02-20 11:00:57,65.839996
2017-02-20 12:00:59,60.400002
2017-02-20 13:01:09,56.639999
2017-02-20 14:01:42,59.360001
2017-02-20 15:05:44,68.32
2017-02-20 16:05:57,60.360001
2017-02-20 17:06:03,62.119999
2017-02-20 18:06:17,61.48
2017-02-20 19:06:18,65.68
2017-02-20 20:09:26,67.440002
2017-02-20 21:09:34,53.48
2017-02-20 22:09:41,29.4
2017-02-20 23:09:49,28.440001
2017-02-21 00:09:57,27.84
2017-02-21 01:10:01,24.879999
2017-02-21 02:10:10,24.0
2017-02-21 03:10:37,23.639999
2017-02-21 04:10:42,23.360001
2017-02-21 05:10:45,23.24
2017-02-21 06:11:08,23.08
2017-02-21 07:11:36,29.440001
2017-02-21 08:11:39,43.040001
2017-02-21 09:11:49,58.360001
2017-02-21 10:12:01,62.560001
2017-02-21 11:12:16,63.400002
2017-02-21 12:14:47,54.16
2017-02-21 13:15:15,54.68
2017-02-21 14:15:27,59.080002
2017-02-21 15:15:29,58.560001
2017-02-21 16:15:39,57.240002
2017-02-21 17:15:52,57.799999
2017-02-21 18:15:59,56.119999
2017-02-21 19:16:08,58.919998
2017-02-21 20:16:08,59.240002
2017-02-21 21:16:17,51.0
2017-02-21 22:16:25,28.6
2017-02-21 23:16:37,28.280001
2017-02-22 00:16:50,22.440001
2017-02-22 01:20:23,21.200001
2017-02-22 02:21:07,21.08
2017-02-22 03:21:46,20.68
2017-02-22 04:22:10,20.879999
2017-02-22 05:22:14,20.52
2017-02-22 06:22:36,24.84
2017-02-22 07:22:48,20.040001
2017-02-22 08:23:12,41.32
2017-02-22 09:23:26,57.919998
2017-02-22 10:23:36,60.240002
2017-02-22 11:23:45,59.240002
2017-02-22 12:23:49,54.68
2017-02-22 13:24:26,53.880001
2017-02-22 14:24:55,58.560001
2017-02-22 15:25:29,54.040001
2017-02-22 16:25:43,60.040001
2017-02-22 17:26:49,56.48
2017-02-22 18:27:29,60.400002
2017-02-22 19:28:27,57.16
2017-02-22 20:28:52,49.119999
2017-02-22 21:29:04,32.959999
2017-02-22 22:29:06,26.68
2017-02-22 23:29:47,26.200001
2017-02-23 00:29:50,23.84
2017-02-23 01:29:54,23.52
2017-02-23 02:30:22,24.52
2017-02-23 03:30:25,23.84
2017-02-23 04:30:30,23.120001
2017-02-23 05:30:42,23.16
2017-02-23 06:30:52,27.32
2017-02-23 07:30:54,21.76
2017-02-23 08:30:59,52.360001
2017-02-23 09:31:07,63.119999
2017-02-23 10:31:17,60.560001
2017-02-23 11:31:27,61.799999
2017-02-23 12:31:40,65.199997
2017-02-23 13:31:41,69.91999799999999
2017-02-23 14:31:43,54.759998
2017-02-23 15:31:46,61.16
2017-02-23 16:31:52,63.599998
2017-02-23 17:31:54,57.119999
2017-02-23 18:32:08,55.119999
2017-02-23 19:32:22,55.16
2017-02-23 20:32:49,57.279999
2017-02-23 21:32:59,27.0
2017-02-23 22:33:09,32.32
2017-02-23 23:33:21,23.040001
2017-02-24 00:38:27,21.120001
2017-02-24 01:38:54,21.360001
2017-02-24 02:39:01,21.32
2017-02-24 03:39:14,21.200001
2017-02-24 04:39:30,21.559999
2017-02-24 05:39:40,19.76
2017-02-24 06:39:52,25.16
2017-02-24 07:40:05,20.08
2017-02-24 08:40:19,57.84
2017-02-24 09:40:29,57.759998
2017-02-24 10:40:37,50.52
2017-02-24 11:40:37,47.84
2017-02-24 12:40:49,55.400002
2017-02-24 13:40:49,58.32
2017-02-24 14:40:57,50.720001
2017-02-24 15:41:01,58.0
2017-02-24 16:41:06,58.599998
2017-02-24 17:41:11,52.799999
2017-02-24 18:41:14,53.0
2017-02-24 19:41:15,56.880001
2017-02-24 20:41:24,43.16
2017-02-24 21:41:25,32.279999
2017-02-24 22:41:33,25.879999
2017-02-24 23:41:37,27.120001
2017-02-25 00:41:47,25.559999
2017-02-25 01:41:50,26.040001
2017-02-25 02:42:04,25.84
2017-02-25 03:42:15,25.92
2017-02-25 04:42:28,23.360001
2017-02-25 05:42:54,21.360001
2017-02-25 06:43:08,21.32
2017-02-25 07:43:15,24.16
2017-02-25 08:43:20,59.080002
2017-02-25 09:43:29,54.720001
2017-02-25 10:43:39,53.799999
2017-02-25 11:43:46,61.16
2017-02-25 12:43:57,53.880001
2017-02-25 13:44:02,56.080002
2017-02-25 14:44:12,73.32
2017-02-25 15:44:15,53.759998
2017-02-25 16:44:23,65.08000200000001
2017-02-25 17:44:25,65.68
2017-02-25 18:44:38,67.800003
2017-02-25 19:44:45,64.760002
2017-02-25 20:44:58,56.279999
2017-02-25 21:45:04,40.040001
2017-02-25 22:45:05,23.68
2017-02-25 23:45:11,23.559999
2017-02-26 00:45:19,22.360001
2017-02-26 01:45:39,21.719999
2017-02-26 02:45:43,22.16
2017-02-26 03:45:47,22.280001
2017-02-26 04:45:57,22.0
2017-02-26 05:46:05,20.48
2017-02-26 06:46:13,19.719999
2017-02-26 07:46:15,19.799999
2017-02-26 08:46:19,42.560001
2017-02-26 09:46:34,52.0
2017-02-26 10:46:45,51.84
2017-02-26 11:46:49,48.32
2017-02-26 12:46:55,48.080002
2017-02-26 13:47:06,52.919998
2017-02-26 14:47:11,54.68
2017-02-26 15:47:17,49.639999
2017-02-26 16:47:31,48.040001
2017-02-26 17:47:40,46.400002
2017-02-26 18:47:45,56.400002
2017-02-26 19:47:48,54.880001
2017-02-26 20:48:09,51.639999
2017-02-26 21:48:18,26.6
2017-02-26 22:48:29,25.040001
2017-02-26 23:48:33,24.0
2017-02-27 00:48:34,21.52
2017-02-27 01:48:35,20.879999
2017-02-27 02:48:41,21.84
2017-02-27 03:48:51,21.6
2017-02-27 04:49:19,21.639999
2017-02-27 05:49:24,20.16
2017-02-27 06:49:25,25.120001
2017-02-27 07:49:55,26.6
2017-02-27 08:50:08,65.559998
2017-02-27 09:50:23,62.560001
2017-02-27 10:50:34,59.52
2017-02-27 11:50:48,56.119999
2017-02-27 12:50:54,50.400002
2017-02-27 13:50:58,53.32
2017-02-27 14:51:07,54.68
2017-02-27 15:51:13,60.48
2017-02-27 16:51:18,53.32
2017-02-27 17:51:35,51.400002
2017-02-27 18:51:45,55.880001
2017-02-27 19:51:54,56.919998
2017-02-27 20:52:05,49.880001
2017-02-27 21:52:07,33.52
2017-02-27 22:52:35,24.440001
2017-02-27 23:52:48,22.799999
2017-02-28 00:52:52,20.639999
2017-02-28 01:53:08,20.959999
2017-02-28 02:53:18,21.4
2017-02-28 03:53:24,20.360001
2017-02-28 04:53:27,20.200001
2017-02-28 05:53:28,19.040001
2017-02-28 06:53:33,24.32
2017-02-28 07:53:41,20.6
2017-02-28 08:53:45,66.68
2017-02-28 09:54:16,67.91999799999999
2017-02-28 10:54:19,60.599998
2017-02-28 11:54:28,69.0
2017-02-28 12:54:29,58.68
2017-02-28 13:54:48,59.720001
2017-02-28 14:57:01,60.959999
2017-02-28 15:57:11,57.360001
2017-02-28 16:57:12,62.759998
2017-02-28 17:57:31,57.200001
2017-02-28 18:57:41,61.48
2017-02-28 19:57:53,61.720001
2017-02-28 20:58:16,51.360001
2017-02-28 21:58:22,29.6
2017-02-28 22:58:28,27.280001
2017-02-28 23:58:36,24.32
2017-03-01 00:58:55,23.559999
2017-03-01 01:58:59,22.52
2017-03-01 02:59:08,22.360001
2017-03-01 03:59:09,22.48
2017-03-01 04:59:16,22.200001
2017-03-01 05:59:32,20.879999
2017-03-01 07:01:00,25.959999
2017-03-01 08:01:04,44.599998
2017-03-01 09:01:12,58.119999
2017-03-01 10:01:35,66.720001
2017-03-01 11:02:45,73.08000200000002
2017-03-01 12:02:59,59.880001
2017-03-01 13:03:01,52.200001
2017-03-01 14:03:10,55.080002
2017-03-01 15:03:12,57.52
2017-03-01 16:03:17,57.439999
2017-03-01 17:03:20,77.599998
2017-03-01 18:03:33,59.84
2017-03-01 19:03:36,60.880001
2017-03-01 20:03:56,59.0
2017-03-01 21:04:06,53.32
2017-03-01 22:04:25,23.76
2017-03-01 23:04:29,24.4
2017-03-02 00:04:37,23.440001
2017-03-02 01:04:41,23.280001
2017-03-02 02:04:45,23.120001
2017-03-02 03:04:51,23.16
2017-03-02 04:04:56,23.040001
2017-03-02 05:05:16,21.719999
2017-03-02 06:05:23,25.68
2017-03-02 07:05:26,28.959999
2017-03-02 08:05:46,51.279999
2017-03-02 09:06:17,59.919998
2017-03-02 10:06:30,58.959999
2017-03-02 11:06:32,60.720001
2017-03-02 12:06:48,60.560001
2017-03-02 13:06:59,56.919998
2017-03-02 14:07:01,59.639999
2017-03-02 15:07:06,63.720001
2017-03-02 16:07:16,58.959999
2017-03-02 17:07:21,59.639999
2017-03-02 18:07:27,58.880001
2017-03-02 19:07:31,54.84
2017-03-02 20:07:33,54.080002
2017-03-02 21:07:44,38.759998
2017-03-02 22:07:59,25.32
2017-03-02 23:08:01,24.52
2017-03-03 00:08:04,24.84
2017-03-03 01:08:10,23.4
2017-03-03 02:08:11,23.360001
2017-03-03 03:08:18,19.6
2017-03-03 04:08:28,20.040001
2017-03-03 05:08:54,22.719999
2017-03-03 06:09:15,21.68
2017-03-03 07:09:37,28.68
2017-03-03 08:09:45,37.880001
2017-03-03 09:09:54,53.720001
2017-03-03 10:10:19,56.599998
2017-03-03 11:10:20,52.880001
2017-03-03 12:10:24,54.439999
2017-03-03 13:10:33,59.360001
2017-03-03 14:12:01,57.919998
2017-03-03 15:12:02,64.279999
2017-03-03 16:12:10,56.720001
2017-03-03 17:12:13,60.959999
2017-03-03 18:12:17,61.240002
2017-03-03 19:12:21,60.560001
2017-03-03 20:12:46,61.599998
2017-03-03 21:12:59,39.279999
2017-03-03 22:13:07,25.559999
2017-03-03 23:13:15,25.719999
2017-03-04 00:13:22,25.280001
2017-03-04 01:13:50,24.360001
2017-03-04 02:14:01,24.24
2017-03-04 03:14:08,23.639999
2017-03-04 04:14:15,23.16
2017-03-04 05:14:27,22.959999
2017-03-04 06:14:48,22.200001
2017-03-04 07:14:59,21.440001
2017-03-04 08:15:05,43.119999
2017-03-04 09:15:32,52.48
2017-03-04 10:15:55,57.68
2017-03-04 11:16:06,56.799999
2017-03-04 12:16:18,53.919998
2017-03-04 13:16:33,56.200001
2017-03-04 14:16:36,55.279999
2017-03-04 15:16:40,59.720001
2017-03-04 16:16:53,59.119999
2017-03-04 17:17:07,55.360001
2017-03-04 18:17:34,60.720001
2017-03-04 19:17:45,64.68
2017-03-04 20:17:58,60.400002
2017-03-04 21:17:59,31.76
2017-03-04 22:18:09,23.879999
2017-03-04 23:18:22,22.639999
2017-03-05 00:18:29,21.719999
2017-03-05 01:18:35,21.32
2017-03-05 02:18:52,20.879999
2017-03-05 03:19:02,20.68
2017-03-05 04:19:16,20.52
2017-03-05 05:19:19,20.200001
2017-03-05 06:19:25,19.08
2017-03-05 07:19:29,18.959999
2017-03-05 08:19:31,42.16
2017-03-05 09:19:41,65.040001
2017-03-05 10:19:54,59.720001
2017-03-05 11:20:03,67.160004
2017-03-05 12:20:14,55.040001
2017-03-05 13:20:22,57.759998
2017-03-05 14:20:36,58.880001
2017-03-05 15:20:47,58.639999
2017-03-05 16:20:50,57.200001
2017-03-05 17:21:13,55.32
2017-03-05 18:21:36,57.439999
2017-03-05 19:21:47,64.160004
2017-03-05 20:22:00,59.080002
2017-03-05 21:22:10,29.76
2017-03-05 22:22:17,23.24
2017-03-05 23:22:18,21.639999
2017-03-06 00:22:24,20.719999
2017-03-06 01:22:33,20.24
2017-03-06 02:22:40,20.32
2017-03-06 03:22:46,20.040001
2017-03-06 04:22:58,20.32
2017-03-06 05:22:58,19.440001
2017-03-06 06:23:11,24.52
2017-03-06 07:23:23,18.959999
2017-03-06 08:23:25,43.32
2017-03-06 09:23:32,79.120003
2017-03-06 10:23:35,80.68
2017-03-06 11:23:36,75.279999
2017-03-06 12:23:37,67.160004
2017-03-06 13:24:06,60.959999
2017-03-06 14:24:31,69.400002
2017-03-06 15:24:32,67.599998
2017-03-06 16:24:44,63.279999
2017-03-06 17:24:48,62.720001
2017-03-06 18:24:52,70.839996
2017-03-06 19:25:04,72.599998
2017-03-06 20:25:14,76.160004
2017-03-06 21:25:21,38.919998
2017-03-06 22:25:24,27.440001
2017-03-06 23:25:37,26.16
2017-03-07 00:25:48,24.52
2017-03-07 01:25:59,23.32
2017-03-07 02:26:06,23.0
2017-03-07 03:26:20,22.879999
2017-03-07 04:26:43,22.799999
2017-03-07 05:26:57,22.200001
2017-03-07 06:27:20,25.84
2017-03-07 07:27:22,20.6
2017-03-07 08:27:40,58.439999
2017-03-07 09:27:40,61.599998
2017-03-07 10:27:42,68.959999
2017-03-07 11:27:47,61.040001
2017-03-07 12:28:05,65.879997
2017-03-07 13:28:21,61.799999
2017-03-07 14:28:30,63.759998
2017-03-07 15:28:44,62.32
2017-03-07 16:28:52,62.720001
2017-03-07 17:29:03,71.199997
2017-03-07 18:29:22,77.279999
2017-03-07 19:29:30,72.959999
2017-03-07 20:29:36,67.800003
2017-03-07 21:29:38,34.52
2017-03-07 22:30:02,25.0
2017-03-07 23:30:04,24.4
2017-03-08 00:30:13,21.719999
2017-03-08 01:30:24,21.360001
2017-03-08 02:30:39,21.639999
2017-03-08 03:31:04,21.200001
2017-03-08 04:31:27,21.360001
2017-03-08 05:31:37,20.200001
2017-03-08 06:31:37,25.4
2017-03-08 07:31:47,21.559999
2017-03-08 08:31:56,54.759998
2017-03-08 09:31:59,73.559998
2017-03-08 10:32:49,65.800003
2017-03-08 11:32:59,64.120003
2017-03-08 12:33:05,64.519997
2017-03-08 13:33:15,67.120003
2017-03-08 14:33:23,68.32
2017-03-08 15:33:41,65.199997
2017-03-08 16:33:50,72.279999
2017-03-08 17:33:53,67.120003
2017-03-08 18:33:59,73.720001
2017-03-08 19:34:10,79.639999
2017-03-08 20:34:14,73.08000200000002
2017-03-08 21:34:20,49.400002
2017-03-08 22:34:28,31.440001
2017-03-08 23:34:43,25.639999
2017-03-09 00:34:45,23.440001
2017-03-09 01:34:48,22.92
2017-03-09 02:34:48,22.4
2017-03-09 03:34:49,22.559999
2017-03-09 04:34:59,21.559999
2017-03-09 05:35:18,20.76
2017-03-09 06:35:24,28.92
2017-03-09 07:35:25,23.360001
2017-03-09 08:41:19,61.240002
2017-03-09 09:43:06,59.880001
2017-03-09 10:43:14,60.360001
2017-03-09 11:43:17,64.519997
2017-03-09 12:43:30,66.160004
2017-03-09 13:43:45,66.440002
2017-03-09 14:43:53,68.760002
2017-03-09 15:43:55,65.800003
2017-03-09 16:44:08,64.160004
2017-03-09 17:44:13,63.0
2017-03-09 18:44:41,66.599998
2017-03-09 19:44:46,69.040001
2017-03-09 20:44:54,70.800003
2017-03-09 21:45:12,28.52
2017-03-09 22:45:29,25.879999
2017-03-09 23:45:39,25.08
2017-03-10 00:45:48,23.08
2017-03-10 01:45:57,22.52
2017-03-10 02:46:10,21.879999
2017-03-10 03:46:14,22.32
2017-03-10 04:46:21,21.76
2017-03-10 05:46:26,20.280001
2017-03-10 06:46:44,25.280001
2017-03-10 07:46:48,23.040001
2017-03-10 08:46:54,53.84
2017-03-10 09:46:59,59.759998
2017-03-10 10:47:13,62.439999
2017-03-10 11:47:18,59.599998
2017-03-10 12:47:29,60.52
2017-03-10 13:47:31,59.48
2017-03-10 14:47:37,60.16
2017-03-10 15:47:49,61.040001
2017-03-10 16:48:01,58.52
2017-03-10 17:48:02,56.52
2017-03-10 18:48:17,63.240002
2017-03-10 19:48:17,63.040001
2017-03-10 20:48:19,53.080002
2017-03-10 21:48:21,34.119999
2017-03-10 22:48:22,26.76
2017-03-10 23:48:24,26.280001
2017-03-11 00:48:30,24.16
2017-03-11 01:48:40,23.799999
2017-03-11 02:48:44,23.799999
2017-03-11 03:48:51,23.52
2017-03-11 04:49:13,22.639999
2017-03-11 05:49:27,20.52
2017-03-11 06:49:30,20.559999
2017-03-11 07:49:32,18.719999
2017-03-11 08:49:32,55.040001
2017-03-11 09:49:44,57.32
2017-03-11 10:49:50,62.68
2017-03-11 11:50:05,69.599998
2017-03-11 12:50:19,64.239998
2017-03-11 13:50:31,63.880001
2017-03-11 14:50:34,71.91999799999998
2017-03-11 15:50:58,61.759998
2017-03-11 16:50:58,61.080002
2017-03-11 17:51:12,64.839996
2017-03-11 18:51:25,68.120003
2017-03-11 19:51:38,68.879997
2017-03-11 20:51:40,64.0
2017-03-11 21:51:51,44.52
2017-03-11 22:51:52,27.719999
2017-03-11 23:51:59,27.48
2017-03-12 00:52:05,25.280001
2017-03-12 01:52:06,25.360001
2017-03-12 02:52:18,26.4
2017-03-12 03:52:23,23.08
2017-03-12 04:52:25,22.76
2017-03-12 05:52:30,21.0
2017-03-12 06:52:37,20.200001
2017-03-12 07:52:39,20.639999
2017-03-12 08:52:44,50.599998
2017-03-12 09:52:58,57.68
2017-03-12 10:53:01,60.52
2017-03-12 11:53:06,56.040001
2017-03-12 12:53:10,60.560001
2017-03-12 13:53:20,63.439999
2017-03-12 14:53:31,55.880001
2017-03-12 15:53:45,71.720001
2017-03-12 16:54:00,61.040001
2017-03-12 17:54:05,63.279999
2017-03-12 18:54:33,65.800003
2017-03-12 19:54:34,68.519997
2017-03-12 20:54:41,60.439999
2017-03-12 21:54:53,40.799999
2017-03-12 22:55:02,30.959999
2017-03-12 23:55:10,31.280001
2017-03-13 00:55:16,28.719999
2017-03-13 01:55:21,29.0
2017-03-13 02:55:34,25.799999
2017-03-13 03:55:38,26.24
2017-03-13 04:55:47,25.84
2017-03-13 05:55:59,24.6
2017-03-13 06:56:01,35.24000200000001
2017-03-13 07:56:12,34.16
2017-03-13 08:56:23,62.0
2017-03-13 09:56:32,75.120003
2017-03-13 10:56:39,72.32
2017-03-13 11:56:40,70.91999799999998
2017-03-13 12:56:50,66.839996
2017-03-13 13:57:02,61.48
2017-03-13 14:57:13,59.919998
2017-03-13 15:57:17,63.84
2017-03-13 16:57:32,65.599998
2017-03-13 17:57:48,65.879997
2017-03-13 18:57:48,68.480003
2017-03-13 19:57:57,64.91999799999999
2017-03-13 20:57:58,48.84
2017-03-13 21:58:12,38.0
2017-03-13 22:58:13,30.52
2017-03-13 23:58:27,33.84
2017-03-14 00:58:27,28.959999
2017-03-14 01:58:30,30.280001
2017-03-14 02:58:39,30.799999
2017-03-14 03:58:40,28.0
2017-03-14 04:58:42,28.719999
2017-03-14 05:58:50,27.440001
2017-03-14 06:58:56,34.32
2017-03-14 07:59:10,36.560001
2017-03-14 08:59:34,61.119999
2017-03-14 09:59:41,61.959999
2017-03-14 10:59:46,66.360001
2017-03-14 11:59:48,70.480003
2017-03-14 12:59:51,63.799999
2017-03-14 14:00:00,64.720001
2017-03-14 15:00:04,72.08000200000002
2017-03-14 16:00:05,70.760002
2017-03-14 17:00:32,65.160004
2017-03-14 18:00:39,62.959999
2017-03-14 19:00:48,71.68
2017-03-14 20:01:10,72.800003
2017-03-14 21:01:10,48.360001
2017-03-14 22:01:24,33.040001000000004
2017-03-14 23:01:28,29.76
2017-03-15 00:01:34,27.48
2017-03-15 01:01:35,29.24
2017-03-15 02:01:42,28.559999
2017-03-15 03:02:03,29.120001
2017-03-15 04:02:06,28.879999
2017-03-15 05:02:10,28.0
2017-03-15 06:03:40,27.120001
2017-03-15 07:04:50,31.799999
2017-03-15 08:05:52,44.599998
2017-03-15 09:06:04,69.0
2017-03-15 10:06:43,82.720001
2017-03-15 11:06:52,72.800003
2017-03-15 12:07:06,72.0
2017-03-15 13:07:17,67.440002
2017-03-15 14:07:19,68.0
2017-03-15 15:07:37,67.839996
2017-03-15 16:07:38,74.120003
2017-03-15 17:07:46,70.279999
2017-03-15 18:07:47,72.160004
2017-03-15 19:07:48,74.800003
2017-03-15 20:07:50,80.32
2017-03-15 21:07:51,56.32
2017-03-15 22:08:17,32.200001
2017-03-15 23:08:18,29.16
2017-03-16 00:08:30,29.0
2017-03-16 01:08:34,28.799999
2017-03-16 02:08:44,28.440001
2017-03-16 03:08:55,26.0
2017-03-16 04:08:59,27.799999
2017-03-16 05:09:12,25.84
2017-03-16 06:09:43,26.040001
2017-03-16 07:09:50,28.48
2017-03-16 08:09:55,51.799999
2017-03-16 09:09:59,69.480003
2017-03-16 10:11:14,68.480003
2017-03-16 11:11:28,63.119999
2017-03-16 12:11:33,73.559998
2017-03-16 13:11:43,80.720001
2017-03-16 14:11:48,65.0
2017-03-16 15:12:02,66.480003
2017-03-16 16:12:08,62.0
2017-03-16 17:12:18,73.08000200000002
2017-03-16 18:12:20,69.120003
2017-03-16 19:12:23,82.08000200000002
2017-03-16 20:13:07,80.519997
2017-03-16 21:13:42,42.040001
2017-03-16 22:13:50,24.040001
2017-03-16 23:13:57,23.879999
2017-03-17 00:14:01,25.68
2017-03-17 01:14:11,23.16
2017-03-17 02:14:35,23.799999
2017-03-17 03:14:42,23.360001
2017-03-17 04:14:46,25.0
2017-03-17 05:15:22,24.24
2017-03-17 06:15:27,25.360001
2017-03-17 07:15:27,31.280001
2017-03-17 08:15:40,49.68
2017-03-17 09:16:11,63.439999
2017-03-17 10:16:19,63.560001
2017-03-17 11:16:29,68.239998
2017-03-17 12:16:35,74.120003
2017-03-17 13:17:10,66.160004
2017-03-17 14:17:23,66.120003
2017-03-17 15:17:24,64.68
2017-03-17 16:17:32,59.040001
2017-03-17 17:17:41,66.68
2017-03-17 18:17:42,68.199997
2017-03-17 19:17:48,62.560001
2017-03-17 20:18:09,61.959999
2017-03-17 21:18:15,43.959999
2017-03-17 22:18:21,26.959999
2017-03-17 23:18:26,24.040001
2017-03-18 00:18:34,26.200001
2017-03-18 01:18:40,26.32
2017-03-18 02:18:57,24.92
2017-03-18 03:19:06,24.48
2017-03-18 04:19:16,24.76
2017-03-18 05:19:50,23.92
2017-03-18 06:20:02,22.200001
2017-03-18 07:20:12,22.719999
2017-03-18 08:20:23,54.400002
2017-03-18 09:20:35,67.68
2017-03-18 10:20:44,60.080002
2017-03-18 11:21:01,65.91999799999999
2017-03-18 12:21:20,64.279999
2017-03-18 13:21:47,70.120003
2017-03-18 14:21:52,66.559998
2017-03-18 15:22:06,65.440002
2017-03-18 16:22:08,68.239998
2017-03-18 17:22:33,68.639999
2017-03-18 18:22:59,73.120003
2017-03-18 19:23:08,74.68
2017-03-18 20:23:10,71.959999
2017-03-18 21:23:20,36.080002
2017-03-18 22:23:24,27.76
2017-03-18 23:23:25,26.68
2017-03-19 00:23:33,25.6
2017-03-19 01:23:40,25.360001
2017-03-19 02:23:55,25.040001
2017-03-19 03:23:55,25.440001
2017-03-19 04:24:08,25.120001
2017-03-19 05:24:13,26.48
2017-03-19 06:24:41,22.799999
2017-03-19 07:24:54,23.68
2017-03-19 08:25:13,49.400002
2017-03-19 09:25:18,61.68
2017-03-19 10:25:29,63.279999
2017-03-19 11:25:30,60.16
2017-03-19 12:25:43,60.439999
2017-03-19 13:25:56,59.599998
2017-03-19 14:26:24,60.68
2017-03-19 15:26:26,58.68
2017-03-19 16:26:33,58.84
2017-03-19 17:26:43,58.759998
2017-03-19 18:26:51,72.199997
2017-03-19 19:27:01,70.32
2017-03-19 20:27:02,69.519997
2017-03-19 21:27:06,36.040001
2017-03-19 22:27:08,25.84
2017-03-19 23:27:27,24.360001
2017-03-20 00:27:36,24.0
2017-03-20 01:27:38,24.08
2017-03-20 02:27:48,23.799999
2017-03-20 03:27:49,24.120001
2017-03-20 04:27:55,24.24
2017-03-20 05:28:24,23.48
2017-03-20 06:28:53,25.92
2017-03-20 07:28:58,34.080002
2017-03-20 08:29:21,60.040001
2017-03-20 09:29:31,66.08000200000001
2017-03-20 10:29:39,65.720001
2017-03-20 11:29:43,63.48
2017-03-20 12:29:46,63.32
2017-03-20 13:29:58,63.16
2017-03-20 14:30:02,62.119999
2017-03-20 15:30:10,65.08000200000001
2017-03-20 16:30:15,63.360001
2017-03-20 17:30:18,60.32
2017-03-20 18:30:28,65.519997
2017-03-20 19:30:40,69.800003
2017-03-20 20:30:45,60.360001
2017-03-20 21:30:56,35.0
2017-03-20 22:31:07,28.639999
2017-03-20 23:31:14,26.440001
2017-03-21 00:31:26,26.6
2017-03-21 01:31:38,26.200001
2017-03-21 02:31:42,27.280001
2017-03-21 03:31:52,25.52
2017-03-21 04:31:58,26.32
2017-03-21 05:32:03,22.76
2017-03-21 06:32:17,25.959999
2017-03-21 07:32:46,20.84
2017-03-21 08:32:49,53.599998
2017-03-21 09:32:55,69.120003
2017-03-21 10:33:06,65.760002
2017-03-21 11:33:07,68.559998
2017-03-21 12:33:20,68.0
2017-03-21 13:33:28,68.879997
2017-03-21 14:33:41,74.08000200000002
2017-03-21 15:33:51,77.800003
2017-03-21 18:34:17,76.400002
2017-03-21 19:34:41,72.199997
2017-03-21 20:34:51,59.720001
2017-03-21 21:35:01,28.6
2017-03-21 22:35:13,26.76
2017-03-21 23:35:20,25.84
2017-03-22 00:35:29,25.040001
2017-03-22 01:35:59,24.360001
2017-03-22 02:36:04,24.68
2017-03-22 03:36:09,24.559999
2017-03-22 04:36:14,24.639999
2017-03-22 05:36:17,22.76
2017-03-22 06:36:43,29.24
2017-03-22 07:36:49,26.08
2017-03-22 08:36:56,58.68
2017-03-22 09:37:10,60.919998
2017-03-22 10:37:12,63.16
2017-03-22 11:37:25,57.240002
2017-03-22 12:37:32,62.799999
2017-03-22 13:37:40,55.720001
2017-03-22 14:37:48,64.519997
2017-03-22 15:37:51,62.84
2017-03-22 16:37:53,62.0
2017-03-22 17:38:07,64.08000200000001
2017-03-22 18:38:18,69.199997
2017-03-22 19:38:45,76.279999
2017-03-22 20:38:58,60.0
2017-03-22 21:39:07,31.16
2017-03-22 22:39:19,29.0
2017-03-22 23:39:22,26.559999
2017-03-23 00:39:26,28.799999
2017-03-23 01:39:39,28.52
2017-03-23 02:39:42,28.92
2017-03-23 03:39:50,27.48
2017-03-23 04:39:54,28.559999
2017-03-23 05:40:18,26.959999
2017-03-23 06:40:23,32.200001
2017-03-23 07:40:39,32.52
2017-03-23 08:40:50,63.52
2017-03-23 09:40:57,64.360001
2017-03-23 10:41:00,66.199997
2017-03-23 11:41:08,60.279999
2017-03-23 12:41:19,61.759998
2017-03-23 13:41:21,62.880001
2017-03-23 14:41:27,70.879997
2017-03-23 15:41:36,68.639999
2017-03-23 16:42:00,66.839996
2017-03-23 17:42:08,67.199997
2017-03-23 18:42:09,75.239998
2017-03-23 19:42:28,75.480003
2017-03-23 20:42:40,59.360001
2017-03-23 21:42:42,25.639999
2017-03-23 22:42:47,24.6
2017-03-23 23:42:51,23.48
2017-03-24 00:42:57,23.120001
2017-03-24 01:43:01,23.0
2017-03-24 02:43:06,23.639999
2017-03-24 03:43:26,22.68
2017-03-24 04:43:33,23.040001
2017-03-24 05:43:59,21.68
2017-03-24 06:44:02,26.639999
2017-03-24 07:44:14,27.440001
2017-03-24 08:44:37,72.68
2017-03-24 09:44:46,74.91999799999998
2017-03-24 10:45:01,71.360001
2017-03-24 11:45:03,67.040001
2017-03-24 12:45:11,62.599998
2017-03-24 13:45:15,63.84
2017-03-24 14:45:24,66.68
2017-03-24 15:45:37,64.480003
2017-03-24 16:45:39,63.040001
2017-03-24 17:45:40,70.239998
2017-03-24 18:45:47,73.720001
2017-03-24 19:45:57,65.68
2017-03-24 20:46:00,60.360001
2017-03-24 21:46:01,31.16
2017-03-24 22:46:10,25.200001
2017-03-24 23:46:17,24.040001
2017-03-25 00:46:30,24.360001
2017-03-25 01:46:34,23.360001
2017-03-25 02:46:45,23.440001
2017-03-25 03:46:55,24.24
2017-03-25 04:47:06,23.799999
2017-03-25 05:47:19,21.84
2017-03-25 06:47:25,22.16
2017-03-25 07:47:38,23.280001
2017-03-25 08:47:50,63.759998
2017-03-25 09:47:53,64.32
2017-03-25 10:48:00,62.799999
2017-03-25 11:48:12,64.639999
2017-03-25 12:48:17,67.480003
2017-03-25 13:48:20,61.68
2017-03-25 14:48:24,61.48
2017-03-25 15:48:28,57.560001
2017-03-25 16:48:36,62.200001
2017-03-25 17:48:43,64.08000200000001
2017-03-25 18:48:48,71.32
2017-03-25 19:48:58,73.800003
2017-03-25 20:49:01,61.360001
2017-03-25 21:49:18,29.0
2017-03-25 22:49:24,27.639999
2017-03-25 23:49:31,26.120001
2017-03-26 00:49:31,25.48
2017-03-26 01:49:48,25.719999
2017-03-26 02:49:55,25.559999
2017-03-26 03:49:56,25.6
2017-03-26 04:49:57,26.120001
2017-03-26 05:50:11,24.32
2017-03-26 06:50:41,23.799999
2017-03-26 07:50:56,23.76
2017-03-26 08:51:03,51.040001
2017-03-26 09:51:05,56.48
2017-03-26 10:51:08,60.68
2017-03-26 11:51:14,61.68
2017-03-26 12:51:17,54.84
2017-03-26 13:51:21,66.800003
2017-03-26 14:51:29,59.599998
2017-03-26 15:51:34,62.119999
2017-03-26 16:51:36,59.799999
2017-03-26 17:51:46,63.0
2017-03-26 18:51:53,65.040001
2017-03-26 19:52:03,64.440002
2017-03-26 20:52:08,60.560001
2017-03-26 21:52:22,28.440001
2017-03-26 22:52:23,27.4
2017-03-26 23:52:34,24.879999
2017-03-27 00:53:00,26.16
2017-03-27 01:53:09,24.639999
2017-03-27 02:53:35,25.559999
2017-03-27 03:53:47,25.68
2017-03-27 04:53:59,25.92
2017-03-27 05:54:10,24.040001
2017-03-27 06:54:18,29.719999
2017-03-27 07:54:31,42.119999
2017-03-27 08:54:40,59.84
2017-03-27 09:54:49,60.400002
2017-03-27 10:54:51,60.240002
2017-03-27 11:54:56,62.119999
2017-03-27 12:55:02,60.48
2017-03-27 13:55:15,64.760002
2017-03-27 14:55:29,66.720001
2017-03-27 15:55:56,65.480003
2017-03-27 16:56:14,65.519997
2017-03-27 17:56:19,61.560001
2017-03-27 18:56:27,69.559998
2017-03-27 19:56:31,66.040001
2017-03-27 20:56:40,53.52
2017-03-27 21:56:40,36.52
2017-03-27 22:56:49,27.959999
2017-03-27 23:57:05,25.92
2017-03-28 00:57:18,26.68
2017-03-28 01:57:29,25.52
2017-03-28 02:57:57,25.200001
2017-03-28 03:58:05,25.6
2017-03-28 04:58:12,25.4
2017-03-28 05:58:14,23.959999
2017-03-28 06:58:18,30.040001
2017-03-28 07:58:33,35.52
2017-03-28 08:59:00,62.560001
2017-03-28 09:59:10,63.119999
2017-03-28 10:59:12,61.68
2017-03-28 11:59:15,59.84
2017-03-28 12:59:35,56.959999
2017-03-28 13:59:38,59.240002
2017-03-28 14:59:45,64.0
2017-03-28 15:59:57,61.240002
2017-03-28 17:00:23,57.48
2017-03-28 18:00:29,57.799999
2017-03-28 19:00:31,68.160004
2017-03-28 20:00:40,69.0
2017-03-28 21:00:50,58.360001
2017-03-28 22:00:59,35.040001000000004
2017-03-28 23:01:06,29.879999
2017-03-29 00:01:15,31.200001
2017-03-29 01:01:29,30.52
2017-03-29 02:01:32,30.360001
2017-03-29 03:01:46,30.6
2017-03-29 04:01:58,29.68
2017-03-29 05:02:06,28.559999
2017-03-29 06:02:25,27.08
2017-03-29 07:02:33,32.240002000000004
2017-03-29 08:02:36,43.400002
2017-03-29 09:02:42,63.759998
2017-03-29 10:04:34,65.91999799999999
2017-03-29 11:04:48,62.639999
2017-03-29 12:05:03,57.16
2017-03-29 13:05:09,61.200001
2017-03-29 14:05:20,64.760002
2017-03-29 15:05:31,71.120003
2017-03-29 16:05:36,66.599998
2017-03-29 17:05:39,68.519997
2017-03-29 18:05:49,63.68
2017-03-29 19:05:53,67.879997
2017-03-29 20:06:06,61.360001
2017-03-29 21:06:11,49.439999
2017-03-29 22:06:23,35.720001
2017-03-29 23:06:31,27.16
2017-03-30 00:06:42,24.120001
2017-03-30 01:06:51,23.879999
2017-03-30 02:06:55,24.200001
2017-03-30 03:07:00,25.040001
2017-03-30 04:07:05,24.6
2017-03-30 05:07:17,23.559999
2017-03-30 06:07:23,22.360001
2017-03-30 07:07:35,26.719999
2017-03-30 08:07:47,43.639999
2017-03-30 09:07:51,64.440002
2017-03-30 10:08:01,66.0
2017-03-30 11:08:06,63.080002
2017-03-30 12:08:08,62.599998
2017-03-30 13:08:16,61.439999
2017-03-30 14:08:26,62.119999
2017-03-30 15:08:30,61.68
2017-03-30 16:08:57,61.080002
2017-03-30 17:09:05,56.639999
2017-03-30 18:09:19,63.279999
2017-03-30 19:09:21,70.400002
2017-03-30 20:09:27,70.239998
2017-03-30 21:10:09,46.240002
2017-03-30 22:10:43,39.759998
2017-03-30 23:10:54,35.52
2017-03-31 00:10:55,33.279999
2017-03-31 01:11:38,23.68
2017-03-31 02:12:06,23.959999
2017-03-31 03:12:29,23.48
2017-03-31 04:12:38,24.52
2017-03-31 05:12:40,22.32
2017-03-31 06:13:20,28.0
2017-03-31 07:13:30,28.040001
2017-03-31 08:13:42,46.639999
2017-03-31 09:13:51,62.400002
2017-03-31 10:13:52,64.120003
2017-03-31 11:13:56,62.919998
2017-03-31 12:14:05,62.68
2017-03-31 13:14:06,64.440002
2017-03-31 14:14:15,65.160004
2017-03-31 15:14:22,70.519997
2017-03-31 16:14:30,74.440002
2017-03-31 17:14:30,69.68
2017-03-31 18:14:31,72.160004
2017-03-31 19:14:39,70.91999799999998
2017-03-31 20:14:51,72.440002
2017-03-31 21:15:03,50.599998
2017-03-31 22:15:17,41.599998
2017-03-31 23:15:20,38.68
2017-04-01 00:15:20,28.639999
2017-04-01 01:15:21,28.799999
2017-04-01 02:15:45,28.92
2017-04-01 03:15:55,28.24
2017-04-01 04:16:15,27.959999
2017-04-01 05:16:31,28.559999
2017-04-01 06:16:57,31.799999
2017-04-01 07:17:04,28.559999
2017-04-01 08:17:19,54.68
2017-04-01 09:17:24,72.199997
2017-04-01 10:17:27,68.32
2017-04-01 11:17:31,64.839996
2017-04-01 12:17:45,64.040001
2017-04-01 13:17:49,62.52
2017-04-01 14:17:52,61.759998
2017-04-01 15:18:05,67.239998
2017-04-01 16:19:56,62.959999
2017-04-01 17:20:05,59.279999
2017-04-01 18:20:14,56.919998
2017-04-01 19:20:25,65.440002
2017-04-01 20:20:28,66.839996
2017-04-01 21:20:41,49.48
2017-04-01 22:21:10,27.24
2017-04-01 23:21:20,26.879999
2017-04-02 00:21:21,27.6
2017-04-02 01:21:24,26.76
2017-04-02 02:21:34,26.719999
2017-04-02 03:21:52,25.24
2017-04-02 04:21:54,24.6
2017-04-02 05:21:58,24.120001
2017-04-02 06:21:59,25.440001
2017-04-02 07:22:07,25.84
2017-04-02 08:22:14,57.639999
2017-04-02 09:22:16,61.360001
2017-04-02 10:22:26,54.759998
2017-04-02 11:22:40,59.32
2017-04-02 12:22:48,55.639999
2017-04-02 13:22:49,57.0
2017-04-02 14:23:05,59.360001
2017-04-02 15:23:19,58.799999
2017-04-02 16:23:22,58.639999
2017-04-02 17:23:37,59.119999
2017-04-02 18:23:58,58.68
2017-04-02 19:24:00,68.239998
2017-04-02 20:24:05,67.400002
2017-04-02 21:24:16,36.400002
2017-04-02 22:24:26,26.48
2017-04-02 23:24:38,25.559999
2017-04-03 00:24:43,24.799999
2017-04-03 01:24:53,24.959999
2017-04-03 02:25:05,25.4
2017-04-03 03:25:18,24.4
2017-04-03 04:25:29,23.879999
2017-04-03 05:25:42,23.200001
2017-04-03 06:26:00,22.360001
2017-04-03 07:26:04,22.76
2017-04-03 08:26:16,48.0
2017-04-03 09:26:27,50.560001
2017-04-03 10:26:36,57.439999
2017-04-03 11:26:49,55.360001
2017-04-03 12:26:49,56.560001
2017-04-03 13:26:51,52.279999
2017-04-03 14:27:16,56.919998
2017-04-03 15:27:21,54.48
2017-04-03 16:27:31,57.16
2017-04-03 17:29:53,57.200001
2017-04-03 18:30:02,64.32
2017-04-03 19:30:20,66.08000200000001
2017-04-03 20:31:02,57.040001
2017-04-03 21:31:02,29.6
2017-04-03 22:31:17,29.280001
2017-04-03 23:31:27,26.68
2017-04-04 00:31:28,26.200001
2017-04-04 01:31:31,26.559999
2017-04-04 02:31:43,25.959999
2017-04-04 03:32:56,25.48
2017-04-04 04:33:07,25.32
2017-04-04 05:33:18,23.92
2017-04-04 06:33:30,23.639999
2017-04-04 07:33:36,25.120001
2017-04-04 08:33:37,54.080002
2017-04-04 09:33:39,56.48
2017-04-04 10:33:43,59.080002
2017-04-04 11:33:45,59.200001
2017-04-04 12:34:01,58.200001
2017-04-04 13:34:06,63.0
2017-04-04 14:34:23,60.759998
2017-04-04 15:34:24,58.720001
2017-04-04 16:34:25,56.400002
2017-04-04 17:34:29,58.48
2017-04-04 18:34:40,65.120003
2017-04-04 19:34:59,68.199997
2017-04-04 20:35:12,59.560001
2017-04-04 21:35:16,41.84
2017-04-04 22:35:30,28.879999
2017-04-04 23:36:15,29.32
2017-04-05 00:36:17,28.200001
2017-04-05 01:36:32,26.799999
2017-04-05 02:36:37,26.16
2017-04-05 03:36:45,25.52
2017-04-05 04:36:57,24.799999
2017-04-05 05:37:03,23.84
2017-04-05 06:37:12,28.16
2017-04-05 07:37:30,25.4
2017-04-05 08:37:39,59.48
2017-04-05 09:37:46,64.0
2017-04-05 10:37:54,64.040001
2017-04-05 11:37:54,61.439999
2017-04-05 12:38:23,60.48
2017-04-05 13:38:34,63.439999
2017-04-05 14:38:38,66.279999
2017-04-05 15:38:53,63.16
2017-04-05 16:38:58,67.239998
2017-04-05 17:39:08,66.959999
2017-04-05 18:39:16,72.68
2017-04-05 19:39:28,74.040001
2017-04-05 20:39:43,66.68
2017-04-05 21:39:48,30.639999
2017-04-05 22:39:51,30.4
2017-04-05 23:40:04,29.879999
2017-04-06 00:40:06,28.280001
2017-04-06 01:40:13,27.959999
2017-04-06 02:40:24,29.16
2017-04-06 03:40:38,27.76
2017-04-06 04:40:42,27.48
2017-04-06 05:40:47,25.52
2017-04-06 06:40:55,31.24
2017-04-06 07:41:22,26.68
2017-04-06 08:41:40,60.279999
2017-04-06 09:41:52,66.519997
2017-04-06 10:41:54,68.599998
2017-04-06 11:42:00,67.400002
2017-04-06 12:42:06,63.400002
2017-04-06 13:42:08,64.120003
2017-04-06 14:42:20,66.599998
2017-04-06 15:42:24,64.360001
2017-04-06 16:42:27,65.0
2017-04-06 17:42:32,65.879997
2017-04-06 18:42:32,71.400002
2017-04-06 19:42:40,69.839996
2017-04-06 20:42:45,56.52
2017-04-06 21:42:56,36.16
2017-04-06 22:42:58,30.280001
2017-04-06 23:43:16,28.040001
2017-04-07 00:43:29,28.16
2017-04-07 01:43:33,28.08
2017-04-07 02:43:37,28.24
2017-04-07 03:43:45,27.92
2017-04-07 04:44:10,27.120001
2017-04-07 05:44:38,26.16
2017-04-07 06:44:47,31.559999
2017-04-07 07:44:53,35.919998
2017-04-07 08:44:57,58.16
2017-04-07 09:45:04,65.400002
2017-04-07 10:45:28,65.440002
2017-04-07 11:45:30,66.599998
2017-04-07 12:45:38,64.91999799999999
2017-04-07 13:45:44,63.32
2017-04-07 14:45:45,67.68
2017-04-07 15:45:56,67.040001
2017-04-07 16:46:05,63.599998
2017-04-07 17:46:14,62.84
2017-04-07 18:46:20,69.879997
2017-04-07 19:46:21,70.0
2017-04-07 20:46:23,63.32
2017-04-07 21:46:37,45.360001
2017-04-07 22:46:40,31.24
2017-04-07 23:47:02,30.52
2017-04-08 00:47:02,29.24
2017-04-08 01:47:02,28.52
2017-04-08 02:47:11,27.6
2017-04-08 03:47:12,28.16
2017-04-08 04:47:30,27.76
2017-04-08 05:47:42,25.84
2017-04-08 06:47:45,26.719999
2017-04-08 07:47:49,25.68
2017-04-08 08:47:54,52.560001
2017-04-08 09:48:05,56.959999
2017-04-08 10:48:09,62.599998
2017-04-08 11:48:24,59.759998
2017-04-08 12:48:34,56.759998
2017-04-08 13:48:42,60.360001
2017-04-08 14:49:01,60.959999
2017-04-08 15:49:08,56.799999
2017-04-08 16:49:24,56.040001
2017-04-08 17:49:28,59.360001
2017-04-08 18:49:30,66.160004
2017-04-08 19:49:35,69.91999799999999
2017-04-08 20:49:37,53.919998
2017-04-08 21:49:49,29.440001
2017-04-08 22:49:52,27.76
2017-04-08 23:49:55,27.52
2017-04-09 00:49:56,25.120001
2017-04-09 01:49:58,25.92
2017-04-09 02:50:02,26.08
2017-04-09 03:50:11,26.4
2017-04-09 04:50:13,26.48
2017-04-09 05:50:18,25.08
2017-04-09 06:50:39,24.84
2017-04-09 07:50:51,25.08
2017-04-09 08:51:04,52.0
2017-04-09 09:51:05,56.200001
2017-04-09 10:51:15,56.48
2017-04-09 11:51:20,57.639999
2017-04-09 12:51:30,59.0
2017-04-09 13:51:43,59.040001
2017-04-09 14:51:45,58.84
2017-04-09 15:51:58,58.560001
2017-04-09 16:52:22,58.68
2017-04-09 17:52:47,61.48
2017-04-09 18:52:51,70.91999799999998
2017-04-09 19:53:04,73.279999
2017-04-09 20:53:12,55.639999
2017-04-09 21:53:23,36.48
2017-04-09 22:53:25,29.440001
2017-04-09 23:53:35,26.719999
2017-04-10 00:53:54,26.959999
2017-04-10 01:54:04,27.08
2017-04-10 02:54:27,24.16
2017-04-10 03:54:34,27.68
2017-04-10 04:54:42,25.84
2017-04-10 05:55:09,24.719999
2017-04-10 06:55:18,31.360001
2017-04-10 07:55:28,33.240002000000004
2017-04-10 08:55:31,68.400002
2017-04-10 09:55:48,61.48
2017-04-10 10:56:03,63.32
2017-04-10 11:56:14,65.720001
2017-04-10 12:56:35,57.52
2017-04-10 13:56:50,62.040001
2017-04-10 14:56:50,67.879997
2017-04-10 15:56:57,64.400002
2017-04-10 16:57:08,69.91999799999999
2017-04-10 17:57:19,64.839996
2017-04-10 18:57:33,69.559998
2017-04-10 19:57:37,67.959999
2017-04-10 20:57:39,49.799999
2017-04-10 21:57:48,30.280001
2017-04-10 22:58:12,25.959999
2017-04-10 23:58:41,27.559999
2017-04-11 00:58:52,27.120001
2017-04-11 01:58:59,27.280001
2017-04-11 02:59:14,26.68
2017-04-11 03:59:43,26.200001
2017-04-11 04:59:55,25.0
2017-04-11 06:00:03,24.719999
2017-04-11 07:00:09,32.040001000000004
2017-04-11 08:00:15,31.559999
2017-04-11 09:00:24,69.760002
2017-04-11 10:00:33,72.559998
2017-04-11 11:00:47,66.199997
2017-04-11 12:00:56,64.279999
2017-04-11 13:01:02,63.599998
2017-04-11 14:01:04,63.119999
2017-04-11 15:01:08,65.279999
2017-04-11 16:01:15,67.480003
2017-04-11 17:01:21,63.400002
2017-04-11 18:01:21,69.639999
2017-04-11 19:01:26,68.239998
2017-04-11 20:01:37,69.32
2017-04-11 21:01:46,54.639999
2017-04-11 22:01:52,28.559999
2017-04-11 23:01:57,28.719999
2017-04-12 00:02:00,26.879999
2017-04-12 01:02:17,27.84
2017-04-12 02:02:28,27.52
2017-04-12 03:02:37,27.4
2017-04-12 04:02:48,26.440001
2017-04-12 05:02:53,26.4
2017-04-12 06:02:54,25.440001
2017-04-12 07:02:54,29.440001
2017-04-12 08:02:55,41.84
2017-04-12 09:03:00,66.400002
2017-04-12 10:03:27,67.400002
2017-04-12 11:03:33,67.160004
2017-04-12 12:05:20,62.0
2017-04-12 13:05:25,58.759998
2017-04-12 14:05:30,61.0
2017-04-12 15:07:55,70.639999
2017-04-12 16:08:00,66.959999
2017-04-12 17:08:08,71.08000200000002
2017-04-12 18:08:14,70.08000200000001
2017-04-12 19:08:17,76.760002
2017-04-12 20:08:17,71.440002
2017-04-12 21:08:33,46.400002
2017-04-12 22:08:32,24.559999
2017-04-12 23:08:33,26.76
2017-04-13 00:09:26,26.559999
2017-04-13 01:10:13,24.6
2017-04-13 02:10:20,25.559999
2017-04-13 03:10:33,23.52
2017-04-13 04:10:49,26.52
2017-04-13 05:10:54,25.120001
2017-04-13 06:11:04,24.360001
2017-04-13 07:11:06,26.76
2017-04-13 08:11:19,48.400002
2017-04-13 09:11:24,66.599998
2017-04-13 10:11:32,63.799999
2017-04-13 11:11:42,66.440002
2017-04-13 12:12:07,61.360001
2017-04-13 13:12:56,60.759998
2017-04-13 14:13:02,63.720001
2017-04-13 15:13:09,67.839996
2017-04-13 16:13:15,62.959999
2017-04-13 17:13:28,60.119999
2017-04-13 18:13:41,58.880001
2017-04-13 19:13:42,68.91999799999999
2017-04-13 20:13:59,71.199997
2017-04-13 21:14:13,50.200001
2017-04-13 22:14:25,30.48
2017-04-13 23:14:27,27.68
2017-04-14 00:14:36,27.6
2017-04-14 01:14:46,28.68
2017-04-14 02:14:57,26.959999
2017-04-14 03:15:00,27.76
2017-04-14 04:15:13,27.559999
2017-04-14 05:15:23,26.16
2017-04-14 06:15:26,30.16
2017-04-14 07:15:31,29.879999
2017-04-14 08:18:19,50.759998
2017-04-14 09:18:35,62.240002
2017-04-14 10:19:35,68.440002
2017-04-14 11:19:38,62.360001
2017-04-14 12:19:49,59.200001
2017-04-14 13:20:15,56.0
2017-04-14 14:20:22,64.480003
2017-04-14 15:20:37,62.400002
2017-04-14 16:20:39,59.48
2017-04-14 17:20:49,55.599998
2017-04-14 18:20:59,57.040001
2017-04-14 19:21:13,72.120003
2017-04-14 20:21:20,71.08000200000002
2017-04-14 21:21:30,53.200001
2017-04-14 22:21:44,32.040001000000004
2017-04-14 23:21:57,30.719999
2017-04-15 00:22:16,29.0
2017-04-15 01:22:31,27.719999
2017-04-15 02:22:43,27.4
2017-04-15 03:22:45,27.32
2017-04-15 04:23:11,28.16
2017-04-15 05:23:19,25.32
2017-04-15 06:23:31,26.360001
2017-04-15 07:23:44,26.84
2017-04-15 08:23:51,46.400002
2017-04-15 09:24:03,56.959999
2017-04-15 10:24:15,57.52
2017-04-15 11:24:21,58.16
2017-04-15 12:24:34,54.52
2017-04-15 13:24:34,57.32
2017-04-15 14:24:37,60.32
2017-04-15 15:24:38,58.16
2017-04-15 16:24:41,56.759998
2017-04-15 17:24:43,56.400002
2017-04-15 18:24:47,69.239998
2017-04-15 19:24:57,69.199997
2017-04-15 20:25:02,62.16
2017-04-15 21:25:17,43.880001
2017-04-15 22:25:23,28.84
2017-04-15 23:25:40,27.0
2017-04-16 00:25:47,27.200001
2017-04-16 01:26:14,25.719999
2017-04-16 02:26:27,27.32
2017-04-16 03:26:38,27.0
2017-04-16 04:26:48,25.4
2017-04-16 05:27:03,24.799999
2017-04-16 06:27:11,25.24
2017-04-16 07:27:16,22.120001
2017-04-16 08:27:25,54.599998
2017-04-16 09:27:26,55.799999
2017-04-16 10:27:36,58.759998
2017-04-16 11:27:43,57.759998
2017-04-16 12:27:47,56.16
2017-04-16 13:28:17,56.759998
2017-04-16 14:28:26,57.84
2017-04-16 15:28:32,57.279999
2017-04-16 16:28:46,57.599998
2017-04-16 17:28:50,51.360001
2017-04-16 18:29:04,60.720001
2017-04-16 19:29:19,69.480003
2017-04-16 20:29:41,65.639999
2017-04-16 21:30:01,36.84
2017-04-16 22:30:16,24.52
2017-04-16 23:30:22,24.639999
2017-04-17 00:30:26,24.4
2017-04-17 01:30:28,23.08
2017-04-17 02:30:47,23.799999
2017-04-17 03:31:15,22.84
2017-04-17 04:31:22,25.120001
2017-04-17 05:31:35,21.92
2017-04-17 06:31:44,27.0
2017-04-17 07:31:54,23.84
2017-04-17 08:32:04,55.080002
2017-04-17 09:32:09,73.559998
2017-04-17 10:32:21,69.639999
2017-04-17 11:32:27,67.480003
2017-04-17 12:32:30,60.799999
2017-04-17 13:32:34,58.560001
2017-04-17 14:32:41,66.400002
2017-04-17 15:33:09,64.360001
2017-04-17 16:33:18,67.839996
2017-04-17 17:33:21,60.919998
2017-04-17 18:33:34,67.279999
2017-04-17 19:33:37,72.040001
2017-04-17 20:33:45,61.439999
2017-04-17 21:34:07,40.959999
2017-04-17 22:34:25,27.16
2017-04-17 23:34:46,27.799999
2017-04-18 00:35:07,26.84
2017-04-18 01:35:13,29.959999
2017-04-18 02:35:24,27.280001
2017-04-18 03:35:39,26.959999
2017-04-18 04:35:50,25.76
2017-04-18 05:36:01,25.08
2017-04-18 06:36:06,31.16
2017-04-18 07:36:15,25.639999
2017-04-18 08:36:22,51.759998
2017-04-18 09:36:26,71.32
2017-04-18 10:36:50,64.800003
2017-04-18 11:37:15,65.599998
2017-04-18 12:37:24,58.360001
2017-04-18 13:37:29,56.959999
2017-04-18 14:37:31,66.959999
2017-04-18 15:37:41,68.040001
2017-04-18 16:37:53,66.519997
2017-04-18 17:38:06,57.759998
2017-04-18 18:38:17,62.560001
2017-04-18 18:42:36,64.160004
2017-04-18 18:42:52,65.120003
2017-04-18 19:43:44,69.239998
2017-04-18 20:43:56,56.279999
2017-04-18 21:44:49,37.52
2017-04-18 22:44:56,28.0
2017-04-18 23:44:57,25.040001
2017-04-19 00:45:10,24.68
2017-04-19 01:45:11,25.24
2017-04-19 02:45:17,25.48
2017-04-19 03:45:30,25.120001
2017-04-19 04:45:34,27.32
2017-04-19 05:45:39,21.959999
2017-04-19 06:45:49,28.719999
2017-04-19 07:46:01,32.240002000000004
2017-04-19 08:46:08,54.16
2017-04-19 09:46:16,66.160004
2017-04-19 10:46:16,68.32
2017-04-19 11:46:27,57.720001
2017-04-19 12:46:35,59.639999
2017-04-19 13:46:40,58.400002
2017-04-19 14:46:45,64.879997
2017-04-19 15:46:48,66.160004
2017-04-19 16:49:02,63.639999
2017-04-19 17:49:10,63.52
2017-04-19 18:49:18,64.639999
2017-04-19 19:49:19,64.480003
2017-04-19 20:49:21,48.0
2017-04-19 21:49:23,27.639999
2017-04-19 22:49:35,27.280001
2017-04-19 23:49:49,28.48
2017-04-20 00:50:02,28.280001
2017-04-20 01:50:10,26.6
2017-04-20 02:50:12,26.84
2017-04-20 03:50:18,28.200001
2017-04-20 04:50:28,25.92
2017-04-20 05:50:29,27.639999
2017-04-20 06:50:32,26.6
2017-04-20 07:50:40,26.76
2017-04-20 08:50:51,62.16
2017-04-20 09:50:56,62.119999
2017-04-20 10:51:07,59.880001
2017-04-20 11:51:17,61.360001
2017-04-20 12:51:46,59.560001
2017-04-20 13:51:55,64.160004
2017-04-20 14:52:00,59.360001
2017-04-20 15:52:08,68.800003
2017-04-20 16:52:18,63.16
2017-04-20 17:52:22,62.16
2017-04-20 18:52:32,68.959999
2017-04-20 19:52:38,68.360001
2017-04-20 20:52:46,50.799999
2017-04-20 21:52:55,28.440001
2017-04-20 22:53:02,26.4
2017-04-20 23:53:20,27.6
2017-04-21 00:53:31,26.280001
2017-04-21 01:53:58,26.280001
2017-04-21 02:54:28,28.280001
2017-04-21 03:54:39,27.92
2017-04-21 04:54:44,22.84
2017-04-21 05:54:52,27.4
2017-04-21 06:54:55,29.6
2017-04-21 07:55:19,33.040001000000004
2017-04-21 08:55:28,62.119999
2017-04-21 09:55:33,64.480003
2017-04-21 10:55:40,67.0
2017-04-21 11:55:47,62.799999
2017-04-21 12:56:02,63.240002
2017-04-21 13:56:14,61.720001
2017-04-21 14:56:23,65.0
2017-04-21 15:56:25,62.599998
2017-04-21 16:56:40,59.880001
2017-04-21 17:56:53,69.199997
2017-04-21 18:57:00,66.68
2017-04-21 19:57:26,68.440002
2017-04-21 20:57:38,54.759998
2017-04-21 21:58:01,25.719999
2017-04-21 22:58:08,25.48
2017-04-21 23:58:13,25.200001
2017-04-22 00:58:13,25.280001
2017-04-22 01:58:26,24.120001
2017-04-22 02:58:26,23.68
2017-04-22 03:59:06,23.360001
2017-04-22 04:59:10,24.040001
2017-04-22 05:59:22,22.92
2017-04-22 06:59:34,22.440001
2017-04-22 07:59:37,34.400002
2017-04-22 08:59:44,55.919998
2017-04-22 09:59:53,59.720001
2017-04-22 11:00:17,56.52
2017-04-22 12:00:39,57.279999
2017-04-22 13:00:41,60.959999
2017-04-22 14:00:59,60.639999
2017-04-22 15:01:01,59.439999
2017-04-22 16:01:08,58.880001
2017-04-22 17:01:04,57.48
2017-04-22 18:01:08,60.32
2017-04-22 19:01:13,70.279999
2017-04-22 20:01:27,73.32
2017-04-22 21:01:36,56.759998
2017-04-22 22:01:47,32.16
2017-04-22 23:02:01,25.4
2017-04-23 00:02:09,28.32
2017-04-23 01:02:21,28.200001
2017-04-23 02:02:35,28.92
2017-04-23 03:02:53,27.08
2017-04-23 04:02:59,27.68
2017-04-23 05:03:07,27.879999
2017-04-23 06:03:16,24.76
2017-04-23 07:03:19,27.959999
2017-04-23 08:03:19,44.360001
2017-04-23 09:03:30,57.119999
2017-04-23 10:03:31,60.0
2017-04-23 11:03:35,61.16
2017-04-23 12:03:58,61.84
2017-04-23 13:04:06,59.32
2017-04-23 14:04:10,61.16
2017-04-23 15:04:16,60.439999
2017-04-23 16:04:25,60.040001
2017-04-23 17:04:28,56.32
2017-04-23 18:04:45,57.0
2017-04-23 19:04:54,69.959999
2017-04-23 20:04:55,75.040001
2017-04-23 21:05:10,55.400002
2017-04-23 22:05:23,30.440001
2017-04-23 23:05:33,30.6
2017-04-24 00:05:58,28.0
2017-04-24 01:06:20,28.4
2017-04-24 02:06:30,26.92
2017-04-24 03:06:39,28.6
2017-04-24 04:07:02,25.76
2017-04-24 05:07:11,27.48
2017-04-24 06:07:35,25.120001
2017-04-24 07:07:37,31.76
2017-04-24 08:07:51,44.16
2017-04-24 09:08:09,69.160004
2017-04-24 10:08:33,71.239998
2017-04-24 11:08:47,64.239998
2017-04-24 12:09:01,61.84
2017-04-24 13:09:07,66.599998
2017-04-24 14:09:20,65.199997
2017-04-24 15:09:31,67.199997
2017-04-24 16:09:42,68.639999
2017-04-24 17:09:44,63.759998
2017-04-24 18:09:51,65.720001
2017-04-24 19:09:54,71.160004
2017-04-24 20:10:09,69.040001
2017-04-24 21:10:12,45.880001
2017-04-24 22:10:25,29.280001
2017-04-24 23:10:39,28.639999
2017-04-25 00:10:52,25.48
2017-04-25 01:11:18,28.639999
2017-04-25 02:11:29,25.280001
2017-04-25 03:11:36,23.639999
2017-04-25 04:11:49,26.52
2017-04-25 05:11:55,25.24
2017-04-25 06:12:00,32.759998
2017-04-25 07:12:18,24.24
2017-04-25 08:12:30,43.959999
2017-04-25 09:12:57,64.160004
2017-04-25 10:13:23,69.480003
2017-04-25 11:13:35,66.720001
2017-04-25 12:14:05,63.439999
2017-04-25 13:14:10,64.440002
2017-04-25 14:14:19,69.599998
2017-04-25 15:14:35,66.519997
2017-04-25 16:15:04,67.08000200000001
2017-04-25 17:15:17,66.279999
2017-04-25 18:15:45,67.800003
2017-04-25 19:16:01,70.639999
2017-04-25 20:16:03,67.91999799999999
2017-04-25 21:16:12,46.080002
2017-04-25 22:16:34,29.719999
2017-04-25 23:16:38,28.200001
2017-04-26 00:16:49,26.280001
2017-04-26 01:17:16,26.76
2017-04-26 02:17:24,24.959999
2017-04-26 03:17:48,27.68
2017-04-26 04:17:58,26.719999
2017-04-26 05:18:09,27.32
2017-04-26 06:18:10,30.440001
2017-04-26 07:18:34,30.16
2017-04-26 08:18:34,49.560001
2017-04-26 09:18:43,59.84
2017-04-26 10:18:59,64.480003
2017-04-26 11:19:05,66.08000200000001
2017-04-26 12:19:13,59.400002
2017-04-26 13:19:14,61.119999
2017-04-26 14:19:17,62.279999
2017-04-26 15:19:21,63.119999
2017-04-26 16:19:34,62.68
2017-04-26 17:19:51,63.360001
2017-04-26 18:20:02,69.199997
2017-04-26 19:20:08,71.120003
2017-04-26 20:20:33,72.08000200000002
2017-04-26 21:20:42,49.52
2017-04-26 22:20:54,30.040001
2017-04-26 23:21:01,28.120001
2017-04-27 00:21:10,28.040001
2017-04-27 01:21:15,29.040001
2017-04-27 02:21:29,27.559999
2017-04-27 03:21:36,28.68
2017-04-27 04:21:43,27.639999
2017-04-27 05:21:48,27.0
2017-04-27 06:21:57,30.84
2017-04-27 07:22:12,26.280001
2017-04-27 08:22:16,53.48
2017-04-27 09:22:29,67.239998
2017-04-27 10:22:31,66.279999
2017-04-27 11:22:57,68.800003
2017-04-27 12:23:04,64.559998
2017-04-27 13:23:11,63.919998
2017-04-27 14:23:24,62.799999
2017-04-27 15:23:42,66.08000200000001
2017-04-27 16:24:10,63.279999
2017-04-27 17:24:49,62.360001
2017-04-27 18:25:14,65.839996
2017-04-27 19:25:15,68.639999
2017-04-27 20:25:16,63.68
2017-04-27 21:25:13,49.52
2017-04-27 22:25:25,26.52
2017-04-27 23:25:37,26.32
2017-04-28 00:25:54,26.52
2017-04-28 01:26:07,24.92
2017-04-28 02:28:35,25.32
2017-04-28 03:29:13,23.0
2017-04-28 04:29:38,24.32
2017-04-28 05:29:54,22.16
2017-04-28 06:30:19,26.4
2017-04-28 07:30:44,21.76
2017-04-28 08:30:48,56.68
2017-04-28 09:31:01,65.239998
2017-04-28 10:31:23,66.480003
2017-04-28 11:31:31,63.52
2017-04-28 12:31:40,62.84
2017-04-28 13:31:48,62.48
2017-04-28 14:31:49,64.120003
2017-04-28 15:31:58,65.559998
2017-04-28 16:32:07,65.879997
2017-04-28 17:32:27,63.560001
2017-04-28 18:32:34,69.68
2017-04-28 19:32:43,71.279999
2017-04-28 20:32:55,66.720001
2017-04-28 21:32:55,39.639999
2017-04-28 22:33:07,28.559999
2017-04-28 23:33:15,26.200001
2017-04-29 00:33:27,25.799999
2017-04-29 01:33:38,25.92
2017-04-29 02:33:44,25.6
2017-04-29 03:33:57,26.68
2017-04-29 04:34:03,24.879999
2017-04-29 05:34:11,23.040001
2017-04-29 06:34:24,22.719999
2017-04-29 07:34:32,34.639999
2017-04-29 08:36:11,57.200001
2017-04-29 09:36:14,66.879997
2017-04-29 10:36:24,66.32
2017-04-29 11:36:28,61.919998
2017-04-29 12:36:53,61.639999
2017-04-29 13:36:55,65.91999799999999
2017-04-29 14:37:03,66.32
2017-04-29 15:37:16,64.440002
2017-04-29 16:37:30,61.080002
2017-04-29 17:37:43,64.800003
2017-04-29 18:37:50,68.440002
2017-04-29 19:37:58,70.559998
2017-04-29 20:38:14,63.759998
2017-04-29 21:38:20,31.32
2017-04-29 22:38:25,23.799999
2017-04-29 23:38:35,23.08
2017-04-30 00:38:36,23.559999
2017-04-30 01:38:50,24.92
2017-04-30 02:38:54,24.280001
2017-04-30 03:39:04,23.84
2017-04-30 04:39:23,22.08
2017-04-30 05:39:27,21.719999
2017-04-30 06:39:49,22.040001
2017-04-30 07:40:08,26.68
2017-04-30 08:40:14,54.919998
2017-04-30 09:40:25,61.0
2017-04-30 10:40:29,63.400002
2017-04-30 11:40:32,61.799999
2017-04-30 12:40:38,64.400002
2017-04-30 13:41:08,66.440002
2017-04-30 14:41:13,63.639999
2017-04-30 15:41:16,63.68
2017-04-30 16:41:17,63.16
2017-04-30 17:41:24,61.32
2017-04-30 18:41:31,68.639999
2017-04-30 19:41:41,70.879997
2017-04-30 20:41:50,71.68
2017-04-30 21:41:57,45.240002
2017-04-30 22:42:03,34.919998
2017-04-30 23:42:13,27.24
2017-05-01 00:42:24,28.040001
2017-05-01 01:42:36,27.4
2017-05-01 02:42:49,27.200001
2017-05-01 04:43:09,26.84
2017-05-01 05:43:23,24.040001
2017-05-01 06:43:28,24.040001
2017-05-01 07:43:31,23.6
2017-05-01 08:43:49,59.48
2017-05-01 09:43:51,60.68
2017-05-01 10:43:55,64.440002
2017-05-01 11:43:56,61.560001
2017-05-01 12:44:02,63.040001
2017-05-01 13:44:28,61.720001
2017-05-01 14:44:40,64.0
2017-05-01 15:44:52,60.360001
2017-05-01 16:45:17,59.639999
2017-05-01 17:45:34,65.279999
2017-05-01 18:45:35,71.08000200000002
2017-05-01 19:45:40,73.120003
2017-05-01 20:46:02,54.84
2017-05-01 21:46:03,32.799999
2017-05-01 22:46:09,27.52
2017-05-01 23:46:21,27.52
2017-05-02 00:46:32,27.76
2017-05-02 01:46:36,27.120001
2017-05-02 02:46:37,27.24
2017-05-02 03:46:39,27.040001
2017-05-02 04:46:49,26.84
2017-05-02 05:45:22,25.559999
2017-05-02 06:45:58,29.959999
2017-05-02 07:46:07,25.959999
2017-05-02 09:46:24,67.360001
2017-05-02 10:46:28,65.480003
2017-05-02 12:46:24,62.32
2017-05-02 13:46:30,66.400002
2017-05-02 17:47:24,68.239998
2017-05-02 18:47:42,69.279999
2017-05-02 19:47:46,69.040001
2017-05-02 20:47:54,50.400002
2017-05-02 21:48:13,37.040001
2017-05-02 22:48:27,26.32
2017-05-02 23:48:35,24.32
2017-05-03 00:48:43,27.040001
2017-05-03 08:50:50,66.440002
2017-05-03 09:50:56,66.800003
2017-05-03 10:51:09,66.160004
2017-05-03 11:51:20,65.120003
2017-05-03 12:51:24,62.32
2017-05-03 13:51:25,63.200001
2017-05-03 14:51:35,64.08000200000001
2017-05-03 15:51:47,70.559998
2017-05-03 16:52:16,62.200001
2017-05-03 17:52:16,67.440002
2017-05-03 18:37:06,69.400002
2017-05-03 19:37:26,69.32
2017-05-03 20:39:36,62.52
2017-05-03 21:40:02,46.080002
2017-05-03 22:40:17,25.0
2017-05-03 23:40:29,24.4
2017-05-04 00:40:36,26.32
2017-05-04 01:40:43,24.68
2017-05-04 02:40:54,25.24
2017-05-04 03:41:02,25.0
2017-05-04 04:41:15,25.68
2017-05-04 05:41:33,23.639999
2017-05-04 06:41:47,32.200001
2017-05-04 07:41:52,25.959999
2017-05-04 08:42:01,67.800003
2017-05-04 09:42:13,68.08000200000001
2017-05-04 10:42:15,69.08000200000001
2017-05-04 11:42:20,69.400002
2017-05-04 12:42:22,67.720001
2017-05-04 13:42:26,68.599998
2017-05-04 14:43:00,71.440002
2017-05-04 15:43:01,67.599998
2017-05-04 16:43:10,68.199997
2017-05-04 17:43:36,62.200001
2017-05-04 18:45:34,79.32
2017-05-04 19:46:04,73.959999
2017-05-04 20:47:02,62.560001
2017-05-04 21:47:34,38.919998
2017-05-04 22:47:36,27.32
2017-05-04 23:48:27,27.440001
2017-05-05 00:48:41,25.92
2017-05-05 01:48:48,26.799999
2017-05-05 02:48:57,24.32
2017-05-05 03:49:02,24.24
2017-05-05 04:49:10,25.84
2017-05-05 05:49:19,24.24
2017-05-05 06:49:33,31.6
2017-05-05 07:49:44,34.68
2017-05-05 08:49:54,58.959999
2017-05-05 09:50:23,60.200001
2017-05-05 10:50:28,63.84
2017-05-05 11:50:29,69.0
2017-05-05 12:50:31,68.040001
2017-05-05 13:50:57,64.559998
2017-05-05 14:51:09,65.720001
2017-05-05 15:51:16,61.119999
2017-05-05 16:51:30,60.52
2017-05-05 17:51:39,63.400002
2017-05-05 18:51:41,72.480003
2017-05-05 19:51:42,70.440002
2017-05-05 20:51:44,54.400002
2017-05-05 21:51:45,41.0
2017-05-05 22:51:52,29.719999
2017-05-05 23:51:56,24.4
2017-05-06 00:51:57,27.639999
2017-05-06 01:52:05,27.76
2017-05-06 02:52:35,28.0
2017-05-06 03:52:41,27.200001
2017-05-06 04:52:41,25.08
2017-05-06 05:52:43,26.48
2017-05-06 06:52:45,26.120001
2017-05-06 07:52:57,27.120001
2017-05-06 08:53:02,54.200001
2017-05-06 09:52:44,62.240002
2017-05-06 10:52:53,61.240002
2017-05-06 11:52:57,60.68
2017-05-06 12:53:10,58.0
2017-05-06 13:53:24,61.84
2017-05-06 14:53:30,58.599998
2017-05-06 15:54:41,59.200001
2017-05-06 16:54:49,58.599998
2017-05-06 17:55:24,61.279999
2017-05-06 18:55:38,69.32
2017-05-06 19:55:42,71.639999
2017-05-06 20:56:12,55.48
2017-05-06 21:56:24,32.16
2017-05-06 22:56:40,28.32
2017-05-06 23:57:00,25.92
2017-05-07 00:57:06,26.24
2017-05-07 01:57:09,28.639999
2017-05-07 02:57:16,24.76
2017-05-07 03:58:40,27.4
2017-05-07 04:58:42,25.200001
2017-05-07 05:59:56,24.32
2017-05-07 07:00:05,25.48
2017-05-07 08:00:15,27.959999
2017-05-07 09:00:35,53.0
2017-05-07 10:00:38,61.240002
2017-05-07 11:00:45,59.040001
2017-05-07 12:00:55,59.639999
2017-05-07 13:00:59,59.360001
2017-05-07 14:01:01,62.639999
2017-05-07 15:01:05,66.800003
2017-05-07 16:01:12,63.560001
2017-05-07 17:01:14,59.720001
2017-05-07 18:01:18,68.32
2017-05-07 19:01:31,69.360001
2017-05-07 20:01:37,66.760002
2017-05-07 21:02:05,53.360001
2017-05-07 22:02:14,26.280001
2017-05-07 23:02:26,28.6
2017-05-08 00:02:39,26.4
2017-05-08 01:02:46,27.719999
2017-05-08 02:02:48,27.120001
2017-05-08 03:02:50,23.76
2017-05-08 04:03:02,28.120001
2017-05-08 05:03:09,23.76
2017-05-08 06:03:21,24.16
2017-05-08 07:03:31,29.280001
2017-05-08 08:03:39,43.880001
2017-05-08 09:03:47,71.400002
2017-05-08 10:03:51,70.360001
2017-05-08 11:04:00,75.08000200000002
2017-05-08 12:04:11,67.519997
2017-05-08 13:04:13,67.760002
2017-05-08 14:04:17,68.32
2017-05-08 15:04:22,69.440002
2017-05-08 16:04:31,68.160004
2017-05-08 17:04:40,61.200001
2017-05-08 18:04:43,63.439999
2017-05-08 19:04:43,65.199997
2017-05-08 20:04:52,67.32
2017-05-08 21:05:01,59.84
2017-05-08 22:05:03,24.92
2017-05-08 23:05:42,24.68
2017-05-09 00:06:10,24.16
2017-05-09 01:07:38,24.68
2017-05-09 02:07:50,24.68
2017-05-09 03:07:54,24.92
2017-05-09 04:08:17,26.84
2017-05-09 05:08:21,26.559999
2017-05-09 06:08:31,33.080002
2017-05-09 07:08:39,26.6
2017-05-09 08:08:45,42.48
2017-05-09 09:08:57,62.639999
2017-05-09 10:09:09,67.440002
2017-05-09 11:09:11,66.279999
2017-05-09 12:09:17,64.199997
2017-05-09 13:09:29,61.84
2017-05-09 14:10:28,64.279999
2017-05-09 15:10:06,63.720001
2017-05-09 16:10:10,71.360001
2017-05-09 17:10:21,61.080002
2017-05-09 18:10:22,62.759998
2017-05-09 19:10:38,69.160004
2017-05-09 20:10:42,71.400002
2017-05-09 21:10:59,50.439999
2017-05-09 22:11:04,30.6
2017-05-09 23:11:18,28.959999
2017-05-10 00:11:20,31.76
2017-05-10 01:11:30,30.48
2017-05-10 02:14:36,31.4
2017-05-10 03:14:45,29.280001
2017-05-10 04:15:15,28.799999
2017-05-10 05:15:39,27.68
2017-05-10 06:15:51,31.559999
2017-05-10 07:15:52,26.4
2017-05-10 08:16:02,52.720001
2017-05-10 09:16:22,70.760002
2017-05-10 10:16:25,69.400002
2017-05-10 11:16:32,72.839996
2017-05-10 12:16:43,65.879997
2017-05-10 13:16:56,62.84
2017-05-10 14:17:01,67.760002
2017-05-10 15:17:08,66.0
2017-05-10 16:17:20,69.879997
2017-05-10 17:17:40,66.360001
2017-05-10 18:18:25,65.32
2017-05-10 19:18:27,67.239998
2017-05-10 20:18:37,74.400002
2017-05-10 22:18:45,29.76
2017-05-10 23:18:57,31.52
2017-05-11 00:19:04,29.959999
2017-05-11 01:19:31,27.76
2017-05-11 02:19:32,27.52
2017-05-11 03:19:46,28.68
2017-05-11 04:19:48,27.879999
2017-05-11 05:19:53,27.959999
2017-05-11 06:20:23,25.879999
2017-05-11 07:20:28,34.240002000000004
2017-05-11 08:21:07,45.720001
2017-05-11 09:22:11,72.199997
2017-05-11 11:22:37,73.720001
2017-05-11 12:22:49,60.400002
2017-05-11 13:23:11,62.200001
2017-05-11 14:23:23,68.239998
2017-05-11 15:23:31,63.799999
2017-05-11 16:23:32,66.559998
2017-05-11 17:23:58,68.91999799999999
2017-05-11 18:24:25,73.959999
2017-05-11 19:24:34,71.279999
2017-05-11 20:24:42,63.919998
2017-05-11 21:24:47,28.719999
2017-05-11 22:25:00,26.52
2017-05-11 23:25:01,23.360001
2017-05-12 00:25:02,23.120001
2017-05-12 01:25:04,23.32
2017-05-12 02:25:04,23.639999
2017-05-12 03:25:09,22.48
2017-05-12 04:25:23,23.08
2017-05-12 05:25:28,24.639999
2017-05-12 06:25:31,25.68
2017-05-12 07:25:35,22.52
2017-05-12 08:25:43,49.799999
2017-05-12 09:25:51,69.040001
2017-05-12 10:25:52,68.120003
2017-05-12 11:26:05,65.800003
2017-05-12 12:26:08,62.84
2017-05-12 13:26:44,62.560001
2017-05-12 14:26:54,63.799999
2017-05-12 15:27:04,65.160004
2017-05-12 16:27:05,64.440002
2017-05-12 17:27:10,59.360001
2017-05-12 18:27:44,66.879997
2017-05-12 19:27:57,67.839996
2017-05-12 20:27:59,69.959999
2017-05-12 21:28:14,43.68
2017-05-12 22:29:15,25.200001
2017-05-12 23:29:53,22.84
2017-05-13 00:30:36,23.76
2017-05-13 01:30:42,25.440001
2017-05-13 02:30:54,24.959999
2017-05-13 03:30:58,21.48
2017-05-13 04:31:13,24.879999
2017-05-13 05:31:21,22.040001
2017-05-13 06:31:22,21.6
2017-05-13 07:31:30,22.6
2017-05-13 08:31:41,52.040001
2017-05-13 09:31:49,59.599998
2017-05-13 10:31:57,60.0
2017-05-13 11:31:57,57.200001
2017-05-13 12:31:58,59.240002
2017-05-13 13:36:04,61.439999
2017-05-13 14:36:13,57.0
2017-05-13 15:36:20,58.240002
2017-05-13 16:36:32,58.720001
2017-05-13 17:36:45,58.919998
2017-05-13 18:36:51,67.32
2017-05-13 19:36:53,68.239998
2017-05-13 20:37:05,62.32
2017-05-13 21:37:14,46.919998
2017-05-13 22:37:23,27.08
2017-05-13 23:37:53,27.440001
2017-05-14 00:37:58,27.040001
2017-05-14 01:38:04,23.719999
2017-05-14 02:38:23,25.16
2017-05-14 03:38:23,26.440001
2017-05-14 04:39:50,25.559999
2017-05-14 05:40:29,23.360001
2017-05-14 06:40:37,23.280001
2017-05-14 07:40:51,24.799999
2017-05-14 08:40:57,51.0
2017-05-14 09:42:02,60.560001
2017-05-14 10:42:08,62.040001
2017-05-14 11:42:53,59.200001
2017-05-14 12:43:00,55.200001
2017-05-14 13:43:14,56.880001
2017-05-14 14:43:28,58.919998
2017-05-14 15:43:29,62.0
2017-05-14 16:43:51,57.240002
2017-05-14 17:44:19,55.52
2017-05-14 18:44:23,68.160004
2017-05-14 19:44:44,68.879997
2017-05-14 20:44:50,55.84
